Product,Bom Lines / Product Quantity,Bom Lines / Used For,Bom Lines / Product
MLS-04/F25,1,,SGB HOUSING MLS-04/F25
,1,,SGB COVER MLS-04/F25
,1,,SPUR GEAR MLS-04/F25
,1,,PINION SHAFT ø 45x150L - EN19
,2,(TOP/BOTTOM),HARD WASHER OD 115 x ID 97 x 7 THK
,1,,HANDWHEEL ø 500mm
,1,FOR 1 & 4,BUSH ø 35x19L
,1,FOR 2 & 4,BUSH ø 35x30L
,2,,THRUST RACES AS 2542
,102,,STEEL BALL ø 6mm
,2,,O RING ID 100mm x 3mm
,1,,CIRCLIP ø 25mm
,5,FOR 1 & 2,HEX BOLT M6x25L - C.S. Gr. 4.0
,3,FOR 1 & 2,HEX BOLT M6x40L - C.S. Gr. 4.0
,1,FOR 4 & 6,HEX BOLT M8x15L - C.S. Gr. 4.0
,1,FOR 4 & 6,PARALLEL KEY 8x7x40
,1,FOR 6,INDICATOR PLATE ø 50mm
,1,FOR 6 & 15,WASHER ID 9 x OD 30 x 1 THK
MLS-04/F25 (EO),1,,SGB HOUSING MLS-04/F25
,1,,SGB COVER MLS-04/F25
,1,,SPUR GEAR MLS-04/F25
,1,,PINION SHAFT ø 45x243L - EN19
,2,(TOP/BOTTOM),HARD WASHER OD 115 x ID 97 x 7 THK
,1,FOR 1 & 4,BUSH ø 35x19L
,1,FOR 2 & 4,BUSH ø 35x30L
,2,,THRUST RACES AS 2542
,102,,STEEL BALL ø 6mm
,2,,O RING ID 100mm x 3mm
,5,FOR 1 & 2,HEX BOLT M6x25L - C.S. Gr. 4.0
,3,FOR 1 & 2,ALLEN BOLT M6x40L - C.S. Gr. 4.0
,1,FOR 4,PARALLEL KEY 8x7x40
MLS-04/F25 (INDICATOR),1,,SGB HOUSING MLS-04/F25
,1,,SGB COVER MLS-04/F25
,1,(INDICATOR),SPUR GEAR MLS-04/F25
,1,,PINION SHAFT ø 45x311L - EN19
,2,(TOP/BOTTOM),HARD WASHER OD 115 x ID 97 x 7 THK
,1,,HANDWHEEL ø 500mm
,1,FOR 1 & 4,BUSH ø 35x19L
,1,FOR 2 & 4,BUSH ø 35x30L
,2,,THRUST RACES AS 2542
,102,,STEEL BALL ø 6mm
,2,,O RING ID 100mm x 3mm
,1,,CIRCLIP ø 25mm
,5,FOR 1 & 2,HEX BOLT M6x25L - C.S. Gr. 4.0
,3,FOR 1 & 2,HEX BOLT M6x50L - C.S. Gr. 4.0
,1,FOR 4 & 6,HEX BOLT M8x15L - C.S. Gr. 4.0
,4,FOR 3 & 21,HEX BOLT M6x15L - C.S. Gr. 4.0
,4,FOR 2 & 22,HEX BOLT M8x25L - C.S. Gr. 4.0
,3,FOR 2 & 23,HEX BOLT M8x25L - C.S. Gr. 4.0
,1,FOR 4,PARALLEL KEY 8x7x40
,1,HANDWHEEL,INDICATOR PLATE ø 50mm
,1,,INDICATOR ROD
,1,,PIPE HOOD FOR INDICATOR
,1,,PIPE HOOD FOR PINION SHAFT
,1,FOR 6 & 15,WASHER ID 9 x OD 30 x 1 THK
MLS-05/F30,1,,SGB HOUSING MLS-05/F30
,1,,SGB COVER MLS-05/F30
,1,,SPUR GEAR MLS-05/F30
,1,,PINION SHAFT ø 50x168L - EN19
,2,(TOP/BOTTOM),HARD WASHER OD 140 x ID 120 x 7 THK
,1,,HANDWHEEL ø 700mm
,1,FOR 1 & 4,BUSH ø 40x19L
,1,FOR 2 & 4,BUSH ø 40x43L
,2,,THRUST RACES AS 3047
,130,,STEEL BALL ø 6mm
,2,,O RING ID 119mm x 4mm
,1,FOR 4,CIRCLIP ø 30mm
,5,FOR 1 & 2,HEX BOLT M10x30L - C.S. Gr. 4.0
,3,FOR 1 & 2,HEX BOLT M10x55L - C.S. Gr. 4.0
,1,FOR 4 & 6,HEX BOLT M8x15L - C.S. Gr. 4.0
,1,FOR 4 & 6,PARALLEL KEY 8x7x40
,1,HANDWHEEL,INDICATOR PLATE ø 50mm
,1,FOR 6 & 15,WASHER ID 9 x OD 35 x 1 THK
MLS-05/F30 (EO),1,,SGB HOUSING MLS-05/F30
,1,,SGB COVER MLS-05/F30
,1,,SPUR GEAR MLS-05/F30
,1,,PINION SHAFT ø 50x248L - EN19
,2,(TOP/BOTTOM),HARD WASHER OD 140 x ID 120 x 7 THK
,1,FOR 1 & 4,BUSH ø 40x19L
,1,FOR 2 & 4,BUSH ø 40x43L
,2,,THRUST RACES AS 3047
,130,,STEEL BALL ø 6mm
,2,,O RING ID 119mm x 4mm
,5,FOR 1 & 2,HEX BOLT M10x30L - C.S. Gr. 4.0
,3,FOR 1 & 2,ALLEN BOLT M10x40L - C.S. Gr. 4.0
,1,FOR 4,PARALLEL KEY 8x7x40
MLS-05/F30 (INDICATOR),1,,SGB HOUSING MLS-05/F30
,1,,SGB COVER MLS-05/F30
,1,(INDICATOR),SPUR GEAR MLS-05/F30
,1,,PINION SHAFT ø 50x390L - EN19
,2,(TOP/BOTTOM),HARD WASHER OD 140 x ID 120 x 7 THK
,1,,HANDWHEEL ø 700mm
,1,FOR 1 & 4,BUSH ø 40x19L
,1,FOR 2 & 4,BUSH ø 40x43L
,2,,THRUST RACES AS 3047
,130,,STEEL BALL ø 6mm
,2,,O RING ID 119mm x 4mm
,1,,CIRCLIP ø 30mm
,5,FOR 1 & 2,HEX BOLT M10x30L - C.S. Gr. 4.0
,3,FOR 1 & 2,HEX BOLT M10x55L - C.S. Gr. 4.0
,1,FOR 4 & 6,HEX BOLT M8x15L - C.S. Gr. 4.0
,4,FOR 3 & 21,HEX BOLT M6x30L - C.S. Gr. 4.0
,4,FOR 2 & 22,HEX BOLT M8x25L - C.S. Gr. 4.0
,3,FOR 2 & 23,HEX BOLT M8x25L - C.S. Gr. 4.0
,1,FOR 4,PARALLEL KEY 8x7x40
,1,HANDWHEEL,INDICATOR PLATE ø 50mm
,1,,INDICATOR ROD
,1,,PIPE HOOD FOR INDICATOR
,1,,PIPE HOOD FOR PINION SHAFT
,1,FOR 6 & 15,WASHER ID 9 x OD 35 x 1 THK
MLS-05/F16,1,,SGB HOUSING MLS-05/F16
,1,,SGB COVER MLS-05/F16
,1,,SPUR GEAR MLS-05/F16
,1,,PINION SHAFT ø 36x151L - EN19
,2,(TOP/BOTTOM),HARD WASHER OD 73 x ID 57 x 6 THK
,1,,HANDWHEEL ø 500mm
,1,FOR 1 & 3,BUSH ø 35x21L
,1,FOR 2 & 3,BUSH ø 35x38L
,2,,THRUST RACES AS 2542
,96,,STEEL BALL ø 4mm
,2,,O RING ID 60mm x 3mm
,1,,CIRCLIP ø 25mm
,6,FOR 1 & 2,HEX BOLT M8x30L - C.S. Gr. 4.0
,4,FOR 1 & 2,HEX BOLT M8x45L - C.S. Gr. 4.0
,1,FOR 4 & 6,HEX BOLT M8x15L - C.S. Gr. 4.0
,1,FOR 4,PARALLEL KEY 8x7x40
,1,FOR 6 & 15,WASHER ID 9 x OD 30 x 1 THK
MLS-05/F16 (EO),1,,SGB HOUSING MLS-05/F16
,1,,SGB COVER MLS-05/F16
,1,,SPUR GEAR MLS-05/F16
,1,,PINION SHAFT ø 36x227L - EN19
,2,(TOP/BOTTOM),HARD WASHER OD 73 x ID 57 x 6 THK
,1,FOR 1 & 3,BUSH ø 35x21L
,1,FOR 2 & 3,BUSH ø 35x38L
,2,,THRUST RACES AS 2542
,96,,STEEL BALL ø 4mm
,2,,O RING ID 60mm x 3mm
,6,FOR 1 & 2,HEX BOLT M8x30L - C.S. Gr. 4.0
,3,FOR 1 & 2,HEX BOLT M8x35L - C.S. Gr. 4.0
,1,FOR 4,PARALLEL KEY 8x7x40
MLS-05/F16 (INDICATOR),1,,SGB HOUSING MLS-05/F16
,1,,SGB COVER MLS-05/F16
,1,(INDICATOR),SPUR GEAR MLS-05/F16 (INDICATOR)
,1,,PINION SHAFT ø 36x286L - EN19
,2,(TOP/BOTTOM),HARD WASHER OD 73 x ID 57 x 6 THK
,1,,HANDWHEEL ø 500mm
,1,FOR 1 & 3,BUSH ø 35x21L
,1,FOR 2 & 3,BUSH ø 35x38L
,2,,THRUST RACES AS 2542
,96,,STEEL BALL ø 4mm
,2,,O RING ID 60mm x 3mm
,1,,CIRCLIP ø 25mm
,6,FOR 1 & 2,HEX BOLT M8x30L - C.S. Gr. 4.0
,4,FOR 1 & 2,HEX BOLT M8x45L - C.S. Gr. 4.0
,1,FOR 4 & 6,HEX BOLT M8x15L - C.S. Gr. 4.0
,1,FOR 4,PARALLEL KEY 8x7x40
,1,FOR 6,INDICATOR PLATE ø 50mm
,1,,INDICATOR ROD
,1,,PIPE HOOD FOR INDICATOR
,1,,PIPE HOOD FOR PINION SHAFT
,1,FOR 6 & 15,WASHER ID 9 x OD 30 x 1 THK
MLS-04/F16,1,,SGB HOUSING MLS-04/F16
,1,,SGB COVER MLS-04/F16
,1,,SPUR GEAR MLS-04/F16
,1,,PINION SHAFT ø 45x151L - EN19
,2,(TOP/BOTTOM),HARD WASHER OD 73 x ID 57 x 6 THK
,1,,HANDWHEEL ø 500mm
,1,FOR 1 & 3,BUSH ø 35x21L
,1,FOR 2 & 3,BUSH ø 35x38L
,2,,THRUST RACES AS 2542
,96,,STEEL BALL ø 4mm
,2,,O RING ID 60mm x 3mm
,1,,CIRCLIP ø 25mm
,6,FOR 1 & 2,HEX BOLT M8x30L - C.S. Gr. 4.0
,4,FOR 1 & 2,HEX BOLT M8x45L - C.S. Gr. 4.0
,1,FOR 4 & 6,HEX BOLT M8x15L - C.S. Gr. 4.0
,1,FOR 4,PARALLEL KEY 8x7x40
,1,HANDWHEEL,INDICATOR PLATE ø 50mm
,1,FOR 6 & 15,WASHER ID 9 x OD 30 x 1 THK
MLS-04/F16 (EO),1,,SGB HOUSING MLS-04/F16
,1,,SGB COVER MLS-04/F16
,1,,SPUR GEAR MLS-04/F16
,1,,PINION SHAFT ø 45x227L - EN19
,2,(TOP/BOTTOM),HARD WASHER OD 73 x ID 57 x 6 THK
,1,FOR 1 & 3,BUSH ø 35x21L
,1,FOR 2 & 3,BUSH ø 35x38L
,2,,THRUST RACES AS 2542
,96,,STEEL BALL ø 4mm
,2,,O RING ID 60mm x 3mm
,6,FOR 1 & 2,HEX BOLT M8x30L - C.S. Gr. 4.0
,4,FOR 1 & 2,HEX BOLT M8x35L - C.S. Gr. 4.0
,1,FOR 4,PARALLEL KEY 8x7x40
MLS-04/F16 (INDICATOR),1,,SGB HOUSING MLS-04/F16
,1,,SGB COVER MLS-04/F16
,1,(INDICATOR),SPUR GEAR MLS-04/F16 (INDICATOR)
,1,,PINION SHAFT ø 45x287L - EN19
,2,(TOP/BOTTOM),HARD WASHER OD 73 x ID 57 x 6 THK
,1,,HANDWHEEL ø 500mm
,1,FOR 1 & 3,BUSH ø 35x21L
,1,FOR 2 & 3,BUSH ø 35x38L
,2,,THRUST RACES AS 2542
,96,,STEEL BALL ø 4mm
,2,,O RING ID 60mm x 3mm
,1,,CIRCLIP ø 25mm
,6,FOR 1 & 2,HEX BOLT M8x30L - C.S. Gr. 4.0
,4,FOR 1 & 2,HEX BOLT M8x45L - C.S. Gr. 4.0
,1,FOR 4 & 6,HEX BOLT M8x15L - C.S. Gr. 4.0
,1,FOR 4,PARALLEL KEY 8x7x40
,1,FOR 6,INDICATOR PLATE ø 50mm
,1,FOR 6 & 15,WASHER ID 9 x OD 30 x 1 THK
MLS-02/F14,1,,SGB HOUSING MLS-02/F14
,1,,SGB COVER MLS-02/F14
,1,(STD),SPUR GEAR MLS-02/F14 (STD)
,1,(STD),PINION SHAFT ø 40x125L - EN19
,1,,HANDWHEEL ø 250mm
,1,FOR 1 & 4,BUSH ø 35x19L
,1,FOR 2 & 4,BUSH ø 35x33L
,2,,THRUST RACES AS 2542
,2,,O RING ID 50mm x 2mm
,1,,CIRCLIP ø 25mm
,2,FOR 1 & 2,HEX BOLT M8x25L - C.S. Gr. 4.0
,3,FOR 1 & 2,HEX BOLT M8x25L - C.S. Gr. 4.0
,1,FOR 4 & 6,HEX BOLT M8x15L - C.S. Gr. 4.0
,1,FOR 4 & 5,PARALLEL KEY 8x7x32
,1,FOR 5,INDICATOR PLATE ø 50mm
,1,FOR 5 & 13,WASHER ID 9 x OD 30 x 1 THK
MLS-02/F14 (EO),1,,SGB HOUSING MLS-02/F14
,1,,SGB COVER MLS-02/F14
,1,(STD),SPUR GEAR MLS-02/F14 (STD)
,1,(EO),PINION SHAFT ø 45x213L - EN19
,1,FOR 1 & 4,BUSH ø 35x19L
,1,FOR 2 & 4,BUSH ø 35x26L
,2,,THRUST RACES AS 2542
,2,,O RING ID 50mm x 2mm
,2,FOR 1 & 2,HEX BOLT M8x25L - C.S. Gr. 4.0
,3,FOR 1 & 2,ALLEN BOLT M8x25L - C.S. Gr. 4.0
,1,FOR 4,PARALLEL KEY 8x7x36
MLS-02/F16,1,,SGB HOUSING MLS-02/F16
,1,,SGB COVER MLS-02/F16
,1,(STD),SPUR GEAR MLS-02/F16 (STD)
,1,(STD),PINION SHAFT ø 50x128L - EN19
,2,(TOP/BOTTOM),HARD WASHER OD 73 x ID 57 x 6 THK
,1,,HANDWHEEL ø 250mm
,1,FOR 1 & 4,BUSH ø 35x19L
,1,FOR 2 & 4,BUSH ø 35x33L
,2,,THRUST RACES AS 2542
,48,,STEEL BALL ø 4mm
,2,,O RING ID 60mm x 3mm
,1,,CIRCLIP ø 25mm
,5,FOR 1 & 2,HEX BOLT M8x30L - C.S. Gr. 4.0
,1,FOR 4 & 6,HEX BOLT M8x15L - C.S. Gr. 4.0
,1,FOR 4 & 6,PARALLEL KEY 8x7x40
,1,FOR 6,INDICATOR PLATE ø 50mm
,1,FOR 6 & 14,WASHER ID 9 x OD 30 x 1 THK
MLS-02/F16 (EO),1,,SGB HOUSING MLS-02/F16
,1,,SGB COVER MLS-02/F16
,1,(STD),SPUR GEAR MLS-02/F16 (STD)
,1,(EO),PINION SHAFT ø 50x224L - EN19
,2,(TOP/BOTTOM),HARD WASHER OD 72 x ID 60 x 6 THK
,1,FOR 1 & 4,BUSH ø 35x19L
,1,FOR 2 & 4,BUSH ø 35x33L
,2,,THRUST RACES AS 2542
,48,,STEEL BALL ø 4mm
,2,,O RING ID 60mm x 3mm
,1,,CIRCLIP ø 25mm
,2,FOR 1 & 2,HEX BOLT M8x45L - C.S. Gr. 4.0
,3,FOR 1 & 2,ALLEN BOLT M8x25L
,1,FOR 4,PARALLEL KEY 8x7x40
MLS-02/F16 (INDICATOR),1,,SGB HOUSING MLS-02/F16
,1,,SGB COVER MLS-02/F16
,1,(INDICATOR),SPUR GEAR MLS-02/F16 (INDICATOR)
,1,(INDICATOR),PINION SHAFT ø 50x293L - EN19
,2,(TOP/BOTTOM),HARD WASHER OD 72 x ID 60 x 6 THK
,1,,HANDWHEEL ø 250mm
,1,FOR 1 & 4,BUSH ø 35x19L
,1,FOR 2 & 4,BUSH ø 35x33L
,2,,THRUST RACES AS 2542
,48,,STEEL BALL ø 4mm
,2,,O RING ID 60mm x 3mm
,1,,CIRCLIP ø 25mm
,2,FOR 1 & 2,HEX BOLT M8x45L - C.S. Gr. 4.0
,3,FOR 1 & 2,ALLEN BOLT M8x25L - C.S. Gr. 4.0
,1,FOR 4 & 6,HEX BOLT M8x15L - C.S. Gr. 4.0
,6,FOR 2 & PIPE HOOD,HEX BOLT M8x25L - C.S. Gr. 4.0
,4,FOR 3 & IND ROD,HEX BOLT M4x15L - C.S. Gr. 4.0
,1,FOR 4 & 6,PARALLEL KEY 8x7x40
,1,FOR 6,INDICATOR PLATE ø 50mm
,1,FOR 6 & 14,WASHER ID 9 x OD 30 x 1 THK
MLS-05/F25,1,,SGB HOUSING MLS-05/F25
,1,,SGB COVER MLS-05/F25
,1,,SPUR GEAR MLS-05/F25
,1,,PINION SHAFT ø 40x150L - EN19
,2,(TOP/BOTTOM),HARD WASHER OD 115 x ID 97 x 7 THK
,1,,HANDWHEEL ø 500mm
,1,FOR 1 & 4,BUSH ø 35x19L
,1,FOR 2 & 4,BUSH ø 35x33L
,2,,THRUST RACES AS 2542
,102,,STEEL BALL ø 6mm
,2,,O RING ID 100mm x 3mm
,1,,CIRCLIP ø 25mm
,5,FOR 1 & 2,HEX BOLT M6x25L - C.S. Gr. 4.0
,3,FOR 1 & 2,HEX BOLT M6x40L - C.S. Gr. 4.0
,1,FOR 4 & 6,HEX BOLT M8x15L - C.S. Gr. 4.0
,1,FOR 4 & 6,PARALLEL KEY 8x7x40
,1,FOR 6,INDICATOR PLATE ø 50mm
,1,FOR 6 & 15,WASHER ID 9 x OD 30 x 1 THK
MLS-05/F25 (EO),1,,SGB HOUSING MLS-05/F25
,1,,SGB COVER (E/O) MLS-05/F25
,1,,SPUR GEAR MLS-05/F25
,1,(AUMA),PINION SHAFT ø 40x241L - EN19
,2,(TOP/BOTTOM),HARD WASHER OD 115 x ID 97 x 7 THK
,1,FOR 1 & 5,BUSH ø 35x19L
,1,FOR 2 & 5,BUSH ø 35x33L
,2,,THRUST RACES AS 2542
,102,,STEEL BALL ø 6mm
,2,,O RING ID 100mm x 3mm
,5,FOR 1 & 2,HEX BOLT M6x25L - C.S. Gr. 4.0
,3,FOR 1 & 2,ALLEN BOLT M6x35L - C.S. Gr. 4.0
,1,FOR 4,PARALLEL KEY 8x7x40
MLS-06/F30,1,,SGB HOUSING MLS-06/F30
,1,,SGB COVER MLS-06/F30
,1,,SPUR GEAR MLS-06/F30
,1,,PINION SHAFT ø 60x181L - EN19
,2,(TOP/BOTTOM),HARD WASHER OD 170 x ID 145 x 7 THK
,1,,HANDWHEEL ø 700mm
,1,FOR 1 & 5,BUSH ø 40x19L
,1,FOR 2 & 5,BUSH ø 40x43L
,2,,THRUST RACES AS 3047
,130,,STEEL BALL ø 6mm
,2,,O RING ID 145mm x 4mm
,1,FOR 4,CIRCLIP ø 30mm
,6,FOR 1 & 2,HEX BOLT M8x30L - C.S. Gr. 4.0
,2,FOR 1 & 2,HEX BOLT M8x60L - C.S. Gr. 4.0
,1,FOR 4 & 6,HEX BOLT M8x15L - C.S. Gr. 4.0
,1,FOR 4,PARALLEL KEY 8x7x40
,1,FOR 6,INDICATOR PLATE ø 50mm
,1,FOR 6 & 15,WASHER ID 9 x OD 35 x 1 THK
MLS-06/F30 (EO),1,,SGB HOUSING MLS-06/F30
,1,,SGB COVER MLS-06/F30
,1,,SPUR GEAR MLS-06/F30
,1,,PINION SHAFT ø 60x260L - EN19
,2,(TOP/BOTTOM),HARD WASHER OD 170 x ID 145 x 7 THK
,1,FOR 1 & 5,BUSH ø 40x19L
,1,FOR 2 & 5,BUSH ø 40x43L
,2,,THRUST RACES AS 3047
,130,,STEEL BALL ø 6mm
,2,,O RING ID 145mm x 4mm
,6,FOR 1 & 2,HEX BOLT M8x30L - C.S. Gr. 4.0
,2,FOR 1 & 2,ALLEN BOLT M8x45L - C.S. Gr. 4.0
,1,FOR 4,PARALLEL KEY 8x7x40
ORS-05/F25,1,,SGB HOUSING ORS-05/F25
,1,,SGB COVER ORS-05/F25
,1,,SPUR GEAR ORS-05/F25
,1,,INTERMEDIATE GEAR ø 105x39L - EN8
,1,,INTERMEDIATE SHAFT ø 55x85L - EN19
,1,(EO),PINION SHAFT ø 45x223L - EN19
,2,,HARD WASHER OD 117 x ID 97 x 7 THK
,1,FOR 1 & 5,BUSH ø 45x35L
,1,FOR 1 & 6,BUSH ø 30x30L
,1,FOR  2 & 5,BUSH ø 45x24L
,1,FOR 2 & 6,BUSH ø 30x24L
,2,,THRUST RACES AS 2035
,2,,THRUST RACES AS 3552
,104,,STEEL BALL ø 6mm
,2,,O RING ID 100mm x 3mm
,9,FOR 1 & 2,HEX BOLT M6x30L - C.S. Gr. 4.0
,3,FOR 1 & 2,ALLEN BOLT M6x30L
,1,FOR 6,PARALLEL KEY 6x6x40
,1,,SGB HOUSING ORS-05/F30
,1,,SGB COVER ORS-05/F30
,1,,SPUR GEAR ORS-05/F30
,1,,INTERMEDIATE GEAR ø 105x57L - EN8
,1,,INTERMEDIATE SHAFT ø 55x103L - EN19
,1,(EO),PINION SHAFT ø 45x242L - EN19
,2,,HARD WASHER OD 145 x ID 120 x 6 THK
,1,FOR 1 & 5,BUSH ø 45x35L
,1,FOR 1 & 6,BUSH ø 30x30L
,1,FOR  2 & 5,BUSH ø 45x24L
,1,FOR 2 & 6,BUSH ø 30x24L
,2,,THRUST RACES AS 2035
,2,,THRUST RACES AS 3552
,130,,STEEL BALL ø 6mm
,2,,O RING ID 120mm x 3mm
,9,FOR 1 & 2,HEX BOLT M6x30L - C.S. Gr. 4.0
,3,FOR 1 & 2,ALLEN BOLT M6x30L
,1,FOR 6,PARALLEL KEY 6x6x40
ORS-06/F30,1,,SGB HOUSING ORS-06/F30
,1,,SGB COVER ORS-06/F30
,1,,SPUR GEAR ORS-06/F30
,1,,INTERMEDIATE GEAR ø 135x105L - EN8
,1,,PINION SHAFT ø 60x285L - EN19
,2,,HARD WASHER OD 175 x ID 150 x 8 THK
,2,,NEEDLE ROLLER CAGE KT 14515326
,2,,NEEDLE ROLLER CAGE KT 303620
,2,,NEEDLE ROLLER CAGE KT 404825
,2,FOR 5,THRUST RACES AS 3047
,2,FOR 4,THRUST RACES AS 4060
,2,,O RING ID 145mm x 6mm
,1,,O RING ID 30mm x 3mm
,8,FOR 1 & 2,HEX BOLT M8x30L - H.T. Gr. 8.8
,3,FOR 1 & 2,ALLEN BOLT M8x45L
,2,FOR 1 & 2,EYE BOLT M8x30L
,1,FOR 6,PARALLEL KEY 8x7x40
MLW-13/F16,1,,WGB HOUSING MLW-13/F16
,1,,WGB COVER MLW-13/F16
,1,,WORMWHEEL ø 125x108L - EN8
,1,,WORM ø 55x83L - EN19
,1,(MO),WORM SHAFT ø 30x220L - EN8
,1,,HANDWHEEL ø 600mm
,1,FOR 1 & 5 (TOP),BUSH ø 30x22L
,1,FOR 1 & 5 (BOTTOM),BUSH ø 30x22L
,2,,SPIRAL PIN ø 6x32
,2,,BEARING AXK 2035+AS+AS
,1,,O RING ID 86mm x 3mm
,2,FOR 1 & 2,ALLEN BOLT M10x25L
,2,FOR 1 & 2,ALLEN BOLT M10x30L
,1,FOR 5 & 6,HEX BOLT M8x15L - M.S
,1,FOR 5 & 6,PARALLEL KEY 8x7x40
,1,FOR 6 & 14,WASHER ID 9 x OD 30 x 1 THK
MLW-13/F25,1,,WGB HOUSING MLW-13/F25
,1,,WGB COVER MLW-13/F25
,1,,WORMWHEEL ø 125x108L - EN8
,1,,WORM ø 55x79L - EN19
,1,(MO/EO),WORM SHAFT ø 30x266L - EN8
,1,,HANDWHEEL ø 600mm
,1,FOR 1 & 5 (TOP),BUSH ø 30x22L
,1,FOR 1 & 5 (BOTTOM),BUSH ø 30x22L
,2,,SPIRAL PIN ø 6x32
,2,,BEARING AXK 2035+AS+AS
,1,,O RING ID 86mm x 3mm
,2,FOR 1 & 2,ALLEN BOLT M10x25L
,2,FOR 1 & 2,ALLEN BOLT M10x30L
,1,FOR 5 & 6,HEX BOLT M8x15L - M.S
,1,FOR 5 & 6,PARALLEL KEY 8x7x40
,1,FOR 6 & 14,WASHER ID 9 x OD 30 x 1 THK
MLW-60/F35,1,,WGB HOUSING MLW-60/F35
,1,,WGB COVER MLW-60/F35
,1,,WORMWHEEL MLW-60/F35
,1,,WORM ø 120x106L - EN19
,1,,WORM SHAFT ø 50x492L - EN8
,2,FOR 5 & 9,SPACER ø 75x17L
,1,,HANDWHEEL ø 1000mm
,2,,"SPIRAL PIN ø 1/2""x80L"
,2,,BEARING NTB 7095+GS+WS
,2,,BEARING KT 455320
,13,FOR 1 & 2,HEX BOLT M10x30L - M.S
,1,FOR 5 & 7,HEX BOLT M8x15L - M.S
,1,FOR 3 & 5,PARALLEL KEY 12x8x56
,1,FOR 7 & 12,WASHER ID 9 x OD 45 x 1 THK
MLW-30/F30,1,,WGB HOUSING MLW-30/F30
,1,,WGB COVER MLW-30/F30
,1,,WORMWHEEL MLW-30/F30
,1,,WORM ø 95x83L - EN19
,1,,WORM SHAFT ø 45x341L - EN8
,2,FOR 5 & 9,SPACER ø 60x10L
,1,,HANDWHEEL ø 750mm
,2,,"SPIRAL PIN ø 1/2""x70L"
,2,,BEARING NTB 6085+GS+WS
,2,,BEARING KT 404527
,12,FOR 1 & 2,HEX BOLT M8x30L - M.S
,1,FOR 5 & 7,HEX BOLT M8x15L - M.S
,1,FOR 3 & 5,PARALLEL KEY 8x7x40
,1,FOR 7 & 12,WASHER ID 9 x OD 35 x 1 THK
MLW-15/F30,1,,WGB HOUSING MLW-15/F30
,1,,WGB COVER MLW-15/F30
,1,,WORMWHEEL MLW-15/F30
,1,,WORM ø 95x83L - EN19
,1,,WORM SHAFT ø 45x341L - EN8
,2,FOR 5 & 9,SPACER ø 60x10L
,1,,HANDWHEEL ø 750mm
,2,,"SPIRAL PIN ø 1/2""x70L"
,2,,BEARING NTB 6085+GS+WS
,2,,BEARING KT 404527
,12,FOR 1 & 2,HEX BOLT M8x30L - M.S
,1,FOR 5 & 7,HEX BOLT M8x15L - M.S
,1,FOR 3 & 5,PARALLEL KEY 8x7x40
,1,FOR 7 & 12,WASHER ID 9 x OD 35 x 1 THK
SLM-09/F12,1,,WGB HOUSING SLM-09/F12
,1,,WGB COVER SLM-09/F12
,1,,QUADRANT SLM-09/F12
,1,,WORM ø 30x57L - EN19
,1,,WORM SHAFT ø 20x158L - EN8
,2,,SPIRAL PIN ø 5x20L
,2,,BEARING AXK 1528+AS+AS
,2,,O RING ID 50mm x 3mm
,4,FOR 1 & 2,HEX BOLT M6x20L - H.T. Gr. 8.8
,2,STOPPER STUD WITH NUT,HEX BOLT WITH NUT M8x40L
,2,FOR 1 & 5,BUSH ø 22x13L
,1,,HANDWHEEL ø 300mm
,1,FOR 5 & 12,PARALLEL KEY 6x6x32
,1,FOR 3,INDICATOR PLATE ø 48mm
,1,FOR 12,INDICATOR PLATE ø 50mm
,1,FOR 5 & 12,HEX BOLT M8x15L - C.S. Gr. 4.0
,1,FOR 12 & 16,WASHER ID 9 x OD 25 x 1 THK
SLM-12/F10 EO,1,,WGB HOUSING SLM-12/F10 EO
,1,,WGB COVER SLM-12/F10 EO
,1,,QUADRANT SLM-12/F10 EO
,1,,WORM ø 40x57L - EN19
,1,,WORM SHAFT ø 25x245L - EN8
,2,,SPACER ø 40x10L
,1,FOR 1 & 5 (TOP),BUSH ø 32x14L
,1,FOR 1 & 5 (BOTTOM),BUSH ø 32x14L
,2,,SPIRAL PIN ø 5x27L
,2,,O RING ID 50mm x 3mm
,6,FOR 1 & 2,HEX BOLT M6x20L - H.T. Gr. 8.8
,2,STOPPER STUD WITH NUT,HEX BOLT WITH NUT M8x40L
,1,FOR 5,PARALLEL KEY 6x6x20
,1,FOR 3,INDICATOR PLATE ø 45mm
SLM-14/F12,1,,WGB HOUSING SLM-14/F12
,1,,WGB COVER SLM-14/F12
,1,,QUADRANT SLM-14/F12
,1,,WORM ø 40x57L - EN19
,1,,WORM SHAFT ø 20x218L - EN8
,2,,SPIRAL PIN ø 5x25L
,2,,BEARING AXK 2035+AS+AS
,2,,O RING ID 60mm x 3mm
,6,FOR 1 & 2,HEX BOLT M6x20L - H.T. Gr. 8.8
,2,STOPPER STUD WITH NUT,HEX BOLT WITH NUT M10x50L
,2,FOR 1 & 5,BUSH ø 30x13L
,1,,HANDWHEEL ø 300mm
,1,FOR 5 & 12,PARALLEL KEY 6x6x32
,1,FOR 3,INDICATOR PLATE ø 58mm
,1,FOR 12,INDICATOR PLATE ø 50 mm
,1,FOR 5 & 12,HEX BOLT M8x15L - C.S. Gr. 4.0
,1,FOR 12 & 16,WASHER ID 9 x OD 25 x 1 THK
SLM-14/F12 EO,1,,WGB HOUSING SLM-14/F12
,1,,WGB COVER SLM-14/F12
,1,,QUADRANT SLM-14/F12
,1,,WORM ø 40x57L - EN19
,1,,WORM SHAFT ø 20x258L - EN8
,2,,SPIRAL PIN ø 5x25L
,2,,BEARING AXK 2035+AS+AS
,2,,O RING ID 60mm x 3mm
,6,FOR 1 & 2,HEX BOLT M6x20L - H.T. Gr. 8.8
,2,STOPPER STUD WITH NUT,HEX BOLT WITH NUT M10x50L
,2,FOR 1 & 5,BUSH ø 30x13L
,1,FOR 5,PARALLEL KEY 6x6x20
,1,FOR 3,INDICATOR PLATE ø 58mm
SLM-27/F14,1,,WGB HOUSING SLM-27/F14
,1,,WGB COVER SLM-27/F14
,1,,QUADRANT SLM-27/F14
,1,,WORM ø 55x83L - EN19
,1,,WORM SHAFT ø 25x300L - EN8
,2,,SPACER ø 45x10L
,2,,SPIRAL PIN ø 8x40L
,2,,BEARING AXK 2542+AS+AS
,2,,O RING ID 77mm x 2mm
,1,,CIRCLIP ø 25mm
,8,FOR 1 & 2,HEX BOLT M8x25L - H.T. Gr. 8.8
,2,STOPPER STUD WITH NUT,HEX BOLT WITH NUT M14x70L
,2,FOR 1 & 5,BUSH ø 35x21L
,1,,HANDWHEEL ø 300mm
,1,FOR 5 & 14,PARALLEL KEY 8x7x40
,1,FOR 5 & 14,HEX BOLT M8x15L - M.S
,1,FOR 14 & 16,WASHER ID 9 x OD 30 x 1 THK
,1,FOR 3,INDICATOR PLATE ø 75mm
,1,FOR 14,INDICATOR PLATE ø 50mm
SLM-27/F14 EO,1,,WGB HOUSING SLM-27/F14
,1,,WGB COVER SLM-27/F14
,1,,QUADRANT SLM-27/F14
,1,,WORM ø 55x83L - EN19
,1,,WORM SHAFT ø 25x303L - EN8
,2,,SPACER ø 45x10L
,2,,SPIRAL PIN ø 8x40L
,2,,BEARING AXK 2542+AS+AS
,2,,O RING ID 77mm x 2mm
,8,FOR 1 & 2,HEX BOLT M8x25L - H.T. Gr. 8.8
,2,STOPPER STUD WITH NUT,HEX BOLT WITH NUT M14x70L
,2,FOR 1 & 5,BUSH ø 35x21L
,1,FOR 5,PARALLEL KEY 8x7x40
,1,FOR 3,INDICATOR PLATE ø 75mm
SLM-27/F12,1,,WGB HOUSING SLM-27/F12
,1,,WGB COVER SLM-27/F12
,1,,QUADRANT SLM-27/F12
,1,,WORM ø 55x83L - EN19
,1,,WORM SHAFT ø 25x300L - EN8
,2,,SPACER ø 45x10L
,2,,SPIRAL PIN ø 8x40L
,2,,BEARING AXK 2542+AS+AS
,2,,O RING ID 77mm x 2mm
,1,,CIRCLIP ø 25mm
,8,FOR 1 & 2,HEX BOLT M8x25L - H.T. Gr. 8.8
,2,STOPPER STUD WITH NUT,HEX BOLT WITH NUT M14x70L
,2,FOR 1 & 5,BUSH ø 35x21L
,1,,HANDWHEEL ø 300mm
,1,FOR 5 & 14,PARALLEL KEY 8x7x40
,1,FOR 5 & 14,HEX BOLT M8x15L - M.S
,1,FOR 14 & 16,WASHER ID 9 x OD 30 x 1 THK
,1,FOR 3,INDICATOR PLATE ø 75mm
,1,FOR 14,INDICATOR PLATE ø 50mm
SLM-27/F12 EO,1,,WGB HOUSING SLM-27/F12
,1,,WGB COVER SLM-27/F12
,1,,QUADRANT SLM-27/F12
,1,,WORM ø 55x83L - EN19
,1,,WORM SHAFT ø 25x303L - EN8
,2,,SPACER ø 45x10L
,2,,SPIRAL PIN ø 8x40L
,2,,BEARING AXK 2542+AS+AS
,2,,O RING ID 77mm x 2mm
,8,FOR 1 & 2,HEX BOLT M8x25L - H.T. Gr. 8.8
,2,STOPPER STUD WITH NUT,HEX BOLT WITH NUT M14x70L
,2,FOR 1 & 5,BUSH ø 35x21L
,1,FOR 5,PARALLEL KEY 8x7x40
,1,FOR 3,INDICATOR PLATE ø 75mm
SLM-37/F14,1,,WGB HOUSING SLM-37/F14
,1,,WGB COVER SLM-37/F14
,1,,QUADRANT SLM-37/F14
,1,,WORM ø 60x83L - EN19
,1,,WORM SHAFT ø 32x305L - EN8
,2,,SPACER ø 60x13L
,1,,HANDWHEEL ø 300mm
,2,FOR 1 & 5,BUSH ø 40x21L
,2,,SPIRAL PIN ø 8x40L
,2,,O RING ID 77mm x 2mm
,1,,CIRCLIP ø 25mm
,8,FOR 1 & 2,HEX BOLT M8x25L - H.T. Gr. 8.8
,2,STOPPER STUD WITH NUT,HEX BOLT WITH NUT M14x70L
,1,FOR 5 & 7,HEX BOLT M8x15L - M.S
,1,FOR 7 & 14,WASHER ID 9 x OD 30 x 1 THK
,1,FOR 5 & 7,PARALLEL KEY 8x7x32
,1,FOR 3,INDICATOR PLATE ø 75mm
,1,FOR 7,INDICATOR PLATE ø 50mm
SLM-37/F14 EO,1,,WGB HOUSING SLM-37/F14
,1,,WGB COVER SLM-37/F14
,1,,QUADRANT SLM-37/F14
,1,,WORM ø 60x83L - EN19
,1,,WORM SHAFT ø 32x308L - EN8
,2,,SPACER ø 60x13L
,2,FOR 1 & 5,BUSH ø 40x21L
,2,,SPIRAL PIN ø 8x40L
,2,,O RING ID 77mm x 2mm
,8,FOR 1 & 2,HEX BOLT M8x25L - H.T. Gr. 8.8
,2,STOPPER STUD WITH NUT,HEX BOLT WITH NUT M14x70L
,1,FOR 5 & 7,PARALLEL KEY 8x7x40
,1,FOR 3,INDICATOR PLATE ø 75mm
SLM-37A/F14,1,,WGB HOUSING SLM-37A/F14
,1,,WGB COVER SLM-37A/F14
,1,,QUADRANT SLM-37A/F14
,1,,WORM ø 60x83L - EN19
,1,,WORM SHAFT ø 32x224L - EN8
,2,,SPACER ø 60x13L
,1,MX-02,SGB HOUSING MX-02
,1,MX-02,SGB COVER MX-02
,1,MX-02,SPUR GEAR MX-02
,1,MX-02,PINION SHAFT ø 50x134L - EN19
,1,,HANDWHEEL ø 300mm
,2,FOR 1 & 5,BUSH ø 40x21L
,1,FOR 5 & 7,BUSH ø 40x21L
,1,FOR 7 & 10,BUSH ø 35x19L
,1,FOR 8 & 10,BUSH ø 35x23L
,2,,SPIRAL PIN ø 8x40L
,2,,O RING ID 77mm x 2mm
,2,,CIRCLIP ø 30mm
,1,,CIRCLIP ø 25mm
,8,FOR 1 & 2,HEX BOLT M8x25L - H.T. Gr. 8.8
,3,FOR 1 & 7,HEX BOLT M6x20L - H.T. Gr. 8.8
,2,FOR 7 & 8,HEX BOLT M8x25L - H.T. Gr. 8.8
,3,FOR 7 & 8,ALLEN BOLT M8x20L
,2,STOPPER STUD WITH NUT,HEX BOLT WITH NUT M14x70L
,1,FOR 10 & 11,HEX BOLT M8x15L - M.S
,1,FOR 11 & 25,WASHER ID 9 x OD 30 x 1 THK
,1,FOR 5 & 9,PARALLEL KEY 8x7x32
,1,FOR 10 & 11,PARALLEL KEY 8x7x40
,1,FOR 3,INDICATOR PLATE ø 75mm
,1,FOR 11,INDICATOR PLATE ø 50mm
SLM-37A/F14 EO,1,,WGB HOUSING SLM-37A/F14
,1,,WGB COVER SLM-37A/F14
,1,,QUADRANT SLM-37A/F14
,1,,WORM ø 60x83L - EN19
,1,,WORM SHAFT ø 32x224L - EN8
,2,,SPACER ø 60x13L
,1,MX-02,SGB HOUSING MX-02
,1,MX-02,SGB COVER MX-02
,1,MX-02,SPUR GEAR MX-02
,1,MX-02,PINION SHAFT ø 50x209L - EN19
,2,FOR 1 & 5,BUSH ø 40x21L
,1,FOR 5 & 7,BUSH ø 40x21L
,1,FOR 7 & 10,BUSH ø 35x19L
,1,FOR 8 & 10,BUSH ø 35x19L
,2,,SPIRAL PIN ø 8x40L
,2,,O RING ID 77mm x 2mm
,8,FOR 1 & 2,HEX BOLT M8x25L - H.T. Gr. 8.8
,3,FOR 1 & 7,HEX BOLT M6x20L - H.T. Gr. 8.8
,3,FOR 7 & 8,ALLEN BOLT M8x20L
,2,STOPPER STUD WITH NUT,HEX BOLT WITH NUT M14x70L
,1,FOR 5 & 9,PARALLEL KEY 8x7x32
,1,FOR 10,PARALLEL KEY 8x7x40
,1,FOR 3,INDICATOR PLATE ø 75mm
SLM-37/F16,1,,WGB HOUSING SLM-37/F16
,1,,WGB COVER SLM-37/F16
,1,,QUADRANT SLM-37/F16
,1,,WORM ø 60x83L - EN19
,1,,WORM SHAFT ø 32x305L - EN8
,2,,SPACER ø 60x13L
,1,,HANDWHEEL ø 300mm
,2,FOR 1 & 5,BUSH ø 40x21L
,2,,SPIRAL PIN ø 8x40L
,2,,O RING ID 77mm x 2mm
,1,,CIRCLIP ø 25mm
,8,FOR 1 & 2,HEX BOLT M8x25L - H.T. Gr. 8.8
,2,STOPPER STUD WITH NUT,HEX BOLT WITH NUT M14x70L
,1,FOR 5 & 7,HEX BOLT M8x15L - M.S
,1,FOR 7 & 14,WASHER ID 9 x OD 30 x 1 THK
,1,FOR 5 & 7,PARALLEL KEY 8x7x32
,1,FOR 3,INDICATOR PLATE ø 75mm
,1,FOR 7,INDICATOR PLATE ø 50mm
SLM-37/F16 EO,1,,WGB HOUSING SLM-37/F16
,1,,WGB COVER SLM-37/F16
,1,,QUADRANT SLM-37/F16
,1,,WORM ø 60x83L - EN19
,1,,WORM SHAFT ø 32x320L - EN8
,2,,SPACER ø 60x13L
,2,FOR 1 & 5,BUSH ø 40x21L
,2,,SPIRAL PIN ø 8x40L
,2,,O RING ID 77mm x 2mm
,8,FOR 1 & 2,HEX BOLT M8x25L - H.T. Gr. 8.8
,2,STOPPER STUD WITH NUT,HEX BOLT WITH NUT M14x70L
,1,FOR 5 & 7,PARALLEL KEY 8x7x40
,1,FOR 3,INDICATOR PLATE ø 75mm
SLM-37A/F16,1,,WGB HOUSING SLM-37A/F16
,1,,WGB COVER SLM-37A/F16
,1,,QUADRANT SLM-37A/F16
,1,,WORM ø 60x83L - EN19
,1,,WORM SHAFT ø 32x224L - EN8
,2,,SPACER ø 60x13L
,1,MX-02,SGB HOUSING MX-02
,1,MX-02,SGB COVER MX-02
,1,MX-02,SPUR GEAR MX-02
,1,MX-02,PINION SHAFT ø 50x134L - EN19
,1,,HANDWHEEL ø 300mm
,2,FOR 1 & 5,BUSH ø 40x21L
,1,FOR 5 & 7,BUSH ø 40x21L
,1,FOR 7 & 10,BUSH ø 35x19L
,1,FOR 8 & 10,BUSH ø 35x23L
,2,,SPIRAL PIN ø 8x40L
,2,,O RING ID 77mm x 2mm
,2,,CIRCLIP ø 30mm
,1,,CIRCLIP ø 25mm
,8,FOR 1 & 2,HEX BOLT M8x25L - H.T. Gr. 8.8
,3,FOR 1 & 7,HEX BOLT M6x20L - H.T. Gr. 8.8
,2,FOR 7 & 8,HEX BOLT M8x25L - H.T. Gr. 8.8
,3,FOR 7 & 8,ALLEN BOLT M8x20L
,2,STOPPER STUD WITH NUT,HEX BOLT WITH NUT M14x70L
,1,FOR 10 & 11,HEX BOLT M8x15L - M.S
,1,FOR 11 & 25,WASHER ID 9 x OD 30 x 1 THK
,1,FOR 5 & 9,PARALLEL KEY 8x7x32
,1,FOR 10 & 11,PARALLEL KEY 8x7x40
,1,FOR 3,INDICATOR PLATE ø 75mm
,1,FOR 11,INDICATOR PLATE ø 50mm
SLM-37A/F16 EO,1,,WGB HOUSING SLM-37A/F16
,1,,WGB COVER SLM-37A/F16
,1,,QUADRANT SLM-37A/F16
,1,,WORM ø 60x83L - EN19
,1,,WORM SHAFT ø 32x224L - EN8
,2,,SPACER ø 60x13L
,1,MX-02,SGB HOUSING MX-02
,1,MX-02,SGB COVER MX-02
,1,MX-02,SPUR GEAR MX-02
,1,MX-02,PINION SHAFT ø 50x209L - EN19
,2,FOR 1 & 5,BUSH ø 40x21L
,1,FOR 5 & 7,BUSH ø 40x21L
,1,FOR 7 & 10,BUSH ø 35x19L
,1,FOR 8 & 10,BUSH ø 35x19L
,2,,SPIRAL PIN ø 8x40L
,2,,O RING ID 77mm x 2mm
,8,FOR 1 & 2,HEX BOLT M8x25L - H.T. Gr. 8.8
,3,FOR 1 & 7,HEX BOLT M6x20L - H.T. Gr. 8.8
,2,FOR 7 & 8,HEX BOLT M8x25L - H.T. Gr. 8.8
,3,FOR 7 & 8,ALLEN BOLT M8x20L
,2,STOPPER STUD WITH NUT,HEX BOLT WITH NUT M14x70L
,1,FOR 5 & 9,PARALLEL KEY 8x7x32
,1,FOR 10,PARALLEL KEY 8x7x40
,1,FOR 3,INDICATOR PLATE ø 75mm
SLM-53/F16,1,,WGB HOUSING SLM-53/F16
,1,,WGB COVER SLM-53/F16
,1,,QUADRANT SLM-53/F16
,1,,WORM ø 60x83L - EN19
,1,,WORM SHAFT ø 32x258L - EN8
,2,,SPACER ø 45x12L
,1,SM-03,SGB HOUSING SM-03
,1,SM-03,SGB COVER SM-03
,1,SM-03,SPUR GEAR SM-03
,1,SM-03,PINION SHAFT ø 50x151L - EN19
,1,,HANDWHEEL ø 550mm
,2,FOR 1 & 5,BUSH ø 40x28L
,1,FOR 5 & 7,BUSH ø 40x18L
,1,FOR 7 & 10,BUSH ø 35x21L
,1,FOR 8 & 10,BUSH ø 35x37L
,2,,SPIRAL PIN ø 8x40L
,2,,BEARING AXK 4060+GS+WS
,2,,THRUST RACES AS 2542
,2,,O RING ID 102mm x 2mm
,2,,CIRCLIP ø 30mm
,1,,CIRCLIP ø 25mm
,8,FOR 1 & 2,HEX BOLT M8x25L - H.T. Gr. 8.8
,6,FOR 7 & 8,HEX BOLT M8x35L - H.T. Gr. 8.8
,4,FOR 1 & 7,HEX BOLT M10x30L - H.T. Gr. 8.8
,4,FOR 7 & 8,HEX BOLT M8x50L - H.T. Gr. 8.8
,2,STOPPER STUD WITH NUT,HEX BOLT WITH NUT M14x70L
,1,FOR 10 & 11,HEX BOLT M8x15L - M.S
,1,FOR 5 & 9,PARALLEL KEY 8x7x28
,1,FOR 10 & 11,PARALLEL KEY 8x7x40
,1,FOR 3,INDICATOR PLATE ø 100mm
,1,FOR 11,INDICATOR PLATE ø 50mm
,1,FOR 11 & 27,WASHER ID 9 x OD 30 x 1 THK
SLM-53/F16 EO,1,,WGB HOUSING SLM-53/F16
,1,,WGB COVER SLM-53/F16
,1,,QUADRANT SLM-53/F16
,1,,WORM ø 60x83L - EN19
,1,,WORM SHAFT ø 32x258L - EN8
,2,,SPACER ø 45x12L
,1,SM-03,SGB HOUSING SM-03
,1,SM-03,SGB COVER SM-03
,1,SM-03,SPUR GEAR SM-03
,1,SM-03,PINION SHAFT ø 50x232L - EN19
,2,FOR 1 & 5,BUSH ø 40x28L
,1,FOR 5 & 7,BUSH ø 40x18L
,1,FOR 7 & 10,BUSH ø 35x21L
,1,FOR 8 & 10,BUSH ø 35x37L
,2,,SPIRAL PIN ø 8x40L
,2,,BEARING AXK 4060+GS+WS
,2,,THRUST RACES AS 2542
,2,,O RING ID 102mm x 2mm
,2,,CIRCLIP ø 30mm
,8,FOR 1 & 2,HEX BOLT M8x25L - H.T. Gr. 8.8
,6,FOR 7 & 8,HEX BOLT M8x35L - H.T. Gr. 8.8
,4,FOR 1 & 7,HEX BOLT M10x35L - H.T. Gr. 8.8
,3,FOR 7 & 8,ALLEN BOLT M8x35L - H.T. Gr. 8.8
,2,STOPPER STUD WITH NUT,HEX BOLT WITH NUT M14x70L
,1,FOR 5 & 9,PARALLEL KEY 8x7x28
,1,FOR 10,PARALLEL KEY 8x7x40
,1,FOR 3,INDICATOR PLATE ø 100mm
SLM-66/F16,1,,WGB HOUSING SLM-66/F16
,1,,WGB COVER SLM-66/F16
,1,,QUADRANT SLM-66/F16
,1,,WORM ø 70x75L - EN19
,1,,WORM SHAFT ø 32x275L - EN8
,2,,COLLAR ø 65x21L
,1,SM-05,SGB HOUSING SM-05
,1,SM-05,SGB COVER SM-05
,1,SM-05,SPUR GEAR SM-05
,1,SM-05,PINION SHAFT ø 40x151L - EN19
,1,,HANDWHEEL ø 550mm
,2,FOR 1 & 5,BUSH ø 40x28L
,1,FOR 5 & 7,BUSH ø 40x18L
,1,FOR 7 & 10,BUSH ø 35x21L
,1,FOR 8 & 10,BUSH ø 35x37L
,2,,SPIRAL PIN ø 8x40L
,2,,BEARING AXK 4060+GS+WS
,2,,THRUST RACES AS 2542
,2,,O RING ID 105mm x 3mm
,2,,CIRCLIP ø 30mm
,1,,CIRCLIP ø 25mm
,8,FOR 1 & 2,HEX BOLT M10x30L - H.T. Gr. 8.8
,6,FOR 7 & 8,HEX BOLT M8x35L - H.T. Gr. 8.8
,4,FOR 1 & 7,HEX BOLT M10x30L - H.T. Gr. 8.8
,4,FOR 7 & 8,HEX BOLT M8x50L - H.T. Gr. 8.8
,2,STOPPER STUD WITH NUT,HEX BOLT WITH NUT M14x70L
,1,FOR 10 & 11,HEX BOLT M8x15L - M.S
,1,FOR 5 & 9,PARALLEL KEY 8x7x28
,1,FOR 10 & 11,PARALLEL KEY 8x7x40
,1,FOR 3,INDICATOR PLATE ø 100mm
,1,FOR 11,INDICATOR PLATE ø 50mm
,1,FOR 11 & 27,WASHER ID 9 x OD 30 x 1 THK
SLM-66/F16 EO,1,,WGB HOUSING SLM-66/F16
,1,,WGB COVER SLM-66/F16
,1,,QUADRANT SLM-66/F16
,1,,WORM ø 70x75L - EN19
,1,,WORM SHAFT ø 32x275L - EN8
,2,,COLLAR ø 65x21L
,1,SM-05,SGB HOUSING SM-05
,1,SM-05,SGB COVER SM-05
,1,SM-05,SPUR GEAR SM-05
,1,SM-05,PINION SHAFT ø 40x232L - EN19
,2,FOR 1 & 5,BUSH ø 40x28L
,1,FOR 5 & 7,BUSH ø 40x18L
,1,FOR 7 & 10,BUSH ø 35x21L
,1,FOR 8 & 10,BUSH ø 35x37L
,2,,SPIRAL PIN ø 8x40L
,2,,BEARING AXK 4060+GS+WS
,2,,THRUST RACES AS 2542
,2,,O RING ID 105mm x 3mm
,2,,CIRCLIP ø 30mm
,8,FOR 1 & 2,HEX BOLT M10x30L - H.T. Gr. 8.8
,6,FOR 7 & 8,HEX BOLT M8x35L - H.T. Gr. 8.8
,4,FOR 1 & 7,HEX BOLT M10x30L - H.T. Gr. 8.8
,3,FOR 7 & 8,ALLEN BOLT M8x35L - H.T. Gr. 8.8
,2,STOPPER STUD WITH NUT,HEX BOLT WITH NUT M14x70L
,1,FOR 5 & 9,PARALLEL KEY 8x7x28
,1,FOR 10,PARALLEL KEY 8x7x40
,1,FOR 3,INDICATOR PLATE ø 100mm
SLM-66/F25,1,,WGB HOUSING SLM-66/F25
,1,,WGB COVER SLM-66/F25
,1,,QUADRANT SLM-66/F25
,1,,WORM ø 70x75L - EN19
,1,,WORM SHAFT ø 32x305L - EN8
,2,,COLLAR ø 65x21L
,1,SM-05,SGB HOUSING SM-05
,1,SM-05,SGB COVER SM-05
,1,SM-05,SPUR GEAR SM-05
,1,SM-05,PINION SHAFT ø 40x151L - EN19
,1,,HANDWHEEL ø 550mm
,2,FOR 1 & 5,BUSH ø 40x28L
,1,FOR 5 & 7,BUSH ø 40x18L
,1,FOR 7 & 10,BUSH ø 35x21L
,1,FOR 8 & 10,BUSH ø 35x37L
,2,,SPIRAL PIN ø 8x40L
,2,,BEARING AXK 4060+GS+WS
,2,,THRUST RACES AS 2542
,2,,O RING ID 105mm x 3mm
,2,,CIRCLIP ø 30mm
,1,,CIRCLIP ø 25mm
,8,FOR 1 & 2,HEX BOLT M10x30L - H.T. Gr. 8.8
,6,FOR 7 & 8,HEX BOLT M8x35L - H.T. Gr. 8.8
,4,FOR 1 & 7,HEX BOLT M10x30L - H.T. Gr. 8.8
,4,FOR 7 & 8,HEX BOLT M8x50L - H.T. Gr. 8.8
,2,STOPPER STUD WITH NUT,HEX BOLT WITH NUT M14x70L
,1,FOR 10 & 11,HEX BOLT M8x15L - M.S
,1,FOR 5 & 9,PARALLEL KEY 8x7x28
,1,FOR 10 & 11,PARALLEL KEY 8x7x40
,1,FOR 3,INDICATOR PLATE ø 100mm
,1,FOR 11,INDICATOR PLATE ø 50mm
,1,FOR 11 & 27,WASHER ID 9 x OD 30 x 1 THK
SLM-66/F25 EO,1,,WGB HOUSING SLM-66/F25
,1,,WGB COVER SLM-66/F25
,1,,QUADRANT SLM-66/F25
,1,,WORM ø 70x75L - EN19
,1,,WORM SHAFT ø 32x305L - EN8
,2,,COLLAR ø 65x21L
,1,SM-05,SGB HOUSING SM-05
,1,SM-05,SGB COVER SM-05
,1,SM-05,SPUR GEAR SM-05
,1,SM-05,PINION SHAFT ø 40x232L - EN19
,2,FOR 1 & 5,BUSH ø 40x28L
,1,FOR 5 & 7,BUSH ø 40x18L
,1,FOR 7 & 10,BUSH ø 35x21L
,1,FOR 8 & 10,BUSH ø 35x33L
,2,,SPIRAL PIN ø 8x40L
,2,,BEARING AXK 4060+GS+WS
,2,,THRUST RACES AS 2542
,2,,O RING ID 105mm x 3mm
,2,,CIRCLIP ø 30mm
,8,FOR 1 & 2,HEX BOLT M10x30L - H.T. Gr. 8.8
,6,FOR 7 & 8,HEX BOLT M8x35L - H.T. Gr. 8.8
,4,FOR 1 & 7,HEX BOLT M10x30L - H.T. Gr. 8.8
,3,FOR 7 & 8,ALLEN BOLT M8x35L - H.T. Gr. 8.8
,2,STOPPER STUD WITH NUT,HEX BOLT WITH NUT M14x70L
,1,FOR 5 & 9,PARALLEL KEY 8x7x28
,1,FOR 10,PARALLEL KEY 8x7x40
,1,FOR 3,INDICATOR PLATE ø 100mm
SLT-115/F25,1,,WGB HOUSING SLT-115/F25
,1,,WGB COVER SLT-115/F25
,1,,QUADRANT SLT-115/F25
,1,,WORM ø 75x73L - EN19
,1,,WORM SHAFT ø 40x323L - EN8
,2,,COLLAR ø 70x47L
,1,SM-05,SGB HOUSING SM-05
,1,SM-05,SGB COVER SM-05
,1,SM-05,SPUR GEAR SM-05
,1,SM-05,PINION SHAFT ø 40x151L - EN19
,1,,HANDWHEEL ø 550mm
,2,FOR 1 & 5,BUSH ø 45x33L
,1,FOR 5 & 7,BUSH ø 45x18L
,1,FOR 7 & 10,BUSH ø 35x21L
,1,FOR 8 & 10,BUSH ø 35x37L
,2,,SPIRAL PIN ø 8x55L
,2,,BEARING AXK 4565+GS+WS
,2,,THRUST RACES AS 2542
,2,,O RING ID 140mm x 3mm
,1,,CIRCLIP ø 35mm
,1,,CIRCLIP ø 25mm
,8,FOR 1 & 2,HEX BOLT M10x30L - H.T. Gr. 8.8
,6,FOR 7 & 8,HEX BOLT M8x35L - H.T. Gr. 8.8
,4,FOR 1 & 7,HEX BOLT M10x30L - H.T. Gr. 8.8
,4,FOR 7 & 8,HEX BOLT M8x50L - H.T. Gr. 8.8
,2,STOPPER STUD WITH NUT,HEX BOLT WITH NUT M14x100L
,1,FOR 10 & 11,HEX BOLT M8x15L - M.S
,1,FOR 5 & 9,PARALLEL KEY 10x8x28
,1,FOR 10 & 11,PARALLEL KEY 8x7x40
,1,FOR 3,INDICATOR PLATE ø 135mm
,1,FOR 11,INDICATOR PLATE ø 50mm
,1,FOR 11 & 27,WASHER ID 9 x OD 30 x 1 THK
SLT-115/F25 EO,1,,WGB HOUSING SLT-115/F25
,1,,WGB COVER SLT-115/F25
,1,,QUADRANT SLT-115/F25
,1,,WORM ø 75x73L - EN19
,1,,WORM SHAFT ø 40x323L - EN8
,2,,COLLAR ø 70x47L
,1,SM-05,SGB HOUSING SM-05
,1,SM-05,SGB COVER SM-05
,1,SM-05,SPUR GEAR SM-05
,1,SM-05,PINION SHAFT ø 40x232L - EN19
,2,FOR 1 & 5,BUSH ø 45x33L
,1,FOR 5 & 7,BUSH ø 45x18L
,1,FOR 7 & 10,BUSH ø 35x21L
,1,FOR 8 & 10,BUSH ø 35x33L
,2,,SPIRAL PIN ø 8x55L
,2,,BEARING AXK 4565+GS+WS
,2,,THRUST RACES AS 2542
,2,,O RING ID 140mm x 3mm
,1,,CIRCLIP ø 35mm
,8,FOR 1 & 2,HEX BOLT M10x30L - H.T. Gr. 8.8
,6,FOR 7 & 8,HEX BOLT M8x35L - H.T. Gr. 8.8
,4,FOR 1 & 7,HEX BOLT M10x30L - H.T. Gr. 8.8
,3,FOR 7 & 8,ALLEN BOLT M8x35L - H.T. Gr. 8.8
,2,STOPPER STUD WITH NUT,HEX BOLT WITH NUT M14x100L
,1,FOR 5 & 9,PARALLEL KEY 10x8x28
,1,FOR 10,PARALLEL KEY 8x7x40
,1,FOR 3,INDICATOR PLATE ø 135mm
SLT-125/F25,1,,WGB HOUSING SLT-125/F25
,1,,WGB COVER SLT-125/F25
,1,,QUADRANT SLT-125/F25
,1,,WORM ø 95x83L - EN19
,1,,WORM SHAFT ø 45x342L - EN8
,2,,SPACER ø 65x15L
,1,DC-09,SGB HOUSING DC-09
,1,DC-09,SGB COVER DC-09
,1,"I ,DC-09",SPUR GEAR-I DC-09
,1,"II,DC-09",SPUR GEAR-II DC-09
,1,"I, DC-09",PINION SHAFT ø 55x163L - EN19
,1,"II,DC-09",PINION SHAFT ø 55x143L - EN19
,1,,HANDWHEEL ø 550mm
,1,FOR 5 & 7,BUSH ø 50x23L
,1,FOR 7 & 12,BUSH ø 40x27L
,1,FOR 8  & 12,BUSH ø 40x24L
,1,FOR 8 & 11,BUSH ø 35x27L
,2,,"SPIRAL PIN ø 1/2""x70L"
,2,,BEARING AXK 6085+GS+WS
,1,,BEARING AXK 2542+AS+AS
,2,,NEEDLE ROLLER CAGE KT 404527
,1,,NEEDLE ROLLER CAGE KT 253017
,1,,THRUST RACES AS 2542
,1,,THRUST RACES AS 3047
,2,,O RING ID 145mm x 4mm
,1,,CIRCLIP ø 38mm
,1,,CIRCLIP ø 25mm
,12,FOR 1 & 2,HEX BOLT M8x25L - H.T. Gr. 8.8
,8,FOR 7 & 8,HEX BOLT M8x35L - H.T. Gr. 8.8
,2,,GRUB SCREW M16x12L
,2,,EYE BOLT M16x45L
,4,FOR 1 & 7,ALLEN BOLT M12x45L
,2,STOPPER STUD WITH NUT,HEX BOLT WITH NUT M14x70L
,1,FOR 11 & 14,HEX BOLT M8x15L - M.S
,1,FOR 5 & 10,PARALLEL KEY 10x8x40
,1,FOR 9 & 13,PARALLEL KEY 8x7x25
,1,FOR 11 & 13,PARALLEL KEY 8x7x40
,1,FOR 3,INDICATOR PLATE ø 140mm
,1,FOR 14,INDICATOR PLATE ø 50mm
,1,FOR 13 & 34,WASHER ID 9 x OD 30 x 1 THK
SLT-125/F25 EO,1,,WGB HOUSING SLT-125/F25
,1,,WGB COVER SLT-125/F25
,1,,QUADRANT SLT-125/F25
,1,,WORM ø 95x83L - EN19
,1,,WORM SHAFT ø 45x342L - EN8
,2,,SPACER ø 65x15L
,1,DC-09,SGB HOUSING DC-09
,1,DC-09,SGB COVER DC-09
,1,"I ,DC-09",SPUR GEAR-I DC-09
,1,"II,DC-09",SPUR GEAR-II DC-09
,1,"I, DC-09",PINION SHAFT ø 55x213L - EN19
,1,"II,DC-09",PINION SHAFT ø 55x143L - EN19
,1,FOR 5 & 7,BUSH ø 50x23L
,1,FOR 7 & 12,BUSH ø 40x27L
,1,FOR 8  & 12,BUSH ø 40x24L
,1,FOR 8 & 11,BUSH ø 35x27L
,2,,"SPIRAL PIN ø 1/2""x70L"
,2,,BEARING AXK 6085+GS+WS
,1,,BEARING AXK 2542+AS+AS
,2,,NEEDLE ROLLER CAGE KT 404527
,1,,NEEDLE ROLLER CAGE KT 253017
,1,,THRUST RACES AS 2542
,1,,THRUST RACES AS 3047
,2,,O RING ID 145mm x 4mm
,1,,CIRCLIP ø 38mm
,12,FOR 1 & 2,HEX BOLT M8x25L - H.T. Gr. 8.8
,8,FOR 7 & 8,HEX BOLT M8x35L - H.T. Gr. 8.8
,2,,GRUB SCREW M16x12L
,2,,EYE BOLT M16x45L
,4,FOR 1 & 7,ALLEN BOLT M12x45L
,2,STOPPER STUD WITH NUT,HEX BOLT WITH NUT M14x70L
,1,FOR 5 & 10,PARALLEL KEY 10x8x40
,1,FOR 9 & 12,PARALLEL KEY 8x7x25
,1,FOR 11,PARALLEL KEY 8x7x40
,1,FOR 3,INDICATOR PLATE ø 140mm
SLT-165/F30,1,,WGB HOUSING SLT-165/F30
,1,,WGB COVER SLT-165/F30
,1,,QUADRANT SLT-165/F30
,1,,WORM ø 95x83L - EN19
,1,,WORM SHAFT ø 45x341L - EN8
,2,,COLLAR ø 90x19L
,1,ST-05,SGB HOUSING ST-05
,1,ST-05,SGB COVER ST-05
,1,MX-02,SGB HOUSING MX-02
,1,MX-02,SGB COVER MX-02
,1,ST-05,SPUR GEAR ST-05
,1,MX-02,SPUR GEAR MX-02
,1,ST-05,PINION SHAFT ø 45x163L - EN19
,1,MX-02,PINION SHAFT ø 50x135L - EN19
,1,,HANDWHEEL ø 550mm
,1,FOR 5 & 7,BUSH ø 50x23L
,1,FOR 7 & 13,BUSH ø 35x19L
,1,FOR 8  & 13,BUSH ø 35x33L
,1,FOR 9 & 13,BUSH ø 35x21L
,1,FOR 9 & 14,BUSH ø 35x19L
,1,FOR 10 & 14,BUSH ø 35x23L
,2,,"SPIRAL PIN ø 1/2""x70L"
,2,,BEARING AXK 6085+GS+WS
,2,,NEEDLE ROLLER CAGE KT 404527
,4,,THRUST RACES AS 2542
,2,,O RING ID 160mm x 4mm
,2,,CIRCLIP ø 40mm
,3,,CIRCLIP ø 25mm
,10,FOR 1 & 2,HEX BOLT M10x25L - H.T. Gr. 8.8
,5,FOR 7 & 8,HEX BOLT M6x25L - H.T. Gr. 8.8
,4,FOR 1 & 7,HEX BOLT M16x40L - H.T. Gr. 8.8
,2,FOR 9 & 10,HEX BOLT M8x25L - H.T. Gr. 8.8
,2,,GRUB SCREW M16x12L
,3,FOR 8 & 9,ALLEN BOLT M8x20L
,3,FOR 7 & 8,ALLEN BOLT M6x35L
,3,FOR 9 & 10,ALLEN BOLT M8x20L
,2,STOPPER STUD WITH NUT,HEX BOLT WITH NUT M16x125L
,1,FOR 14 & 15,HEX BOLT M8x15L - M.S
,1,FOR 5 & 11,PARALLEL KEY 12x8x32
,1,FOR 12 & 13,PARALLEL KEY 8x7x25
,1,FOR 14 & 15,PARALLEL KEY 8x7x40
,1,FOR 3,INDICATOR PLATE ø 155mm
,1,FOR 15,INDICATOR PLATE ø 50mm
,1,FOR 15 & 38,WASHER ID 9 x OD 30 x 1 THK
SLT-165/F30 EO,1,,WGB HOUSING SLT-165/F30
,1,,WGB COVER SLT-165/F30
,1,,QUADRANT SLT-165/F30
,1,,WORM ø 95x83L - EN19
,1,,WORM SHAFT ø 45x341L - EN8
,2,,COLLAR ø 90x19L
,1,ST-05,SGB HOUSING ST-05
,1,ST-05,SGB COVER ST-05
,1,MX-02,SGB HOUSING MX-02
,1,MX-02,SGB COVER MX-02
,1,ST-05,SPUR GEAR ST-05
,1,MX-02,SPUR GEAR MX-02
,1,ST-05,PINION SHAFT ø 45x163L - EN19
,1,MX-02,PINION SHAFT ø 50x209L - EN19
,1,FOR 5 & 7,BUSH ø 50x23L
,1,FOR 7 & 13,BUSH ø 35x19L
,1,FOR 8  & 13,BUSH ø 35x33L
,1,FOR 9 & 13,BUSH ø 35x21L
,1,FOR 9 & 14,BUSH ø 35x19L
,1,FOR 10 & 14,BUSH ø 35x19L
,2,,"SPIRAL PIN ø 1/2""x70L"
,2,,BEARING AXK 6085+GS+WS
,2,,NEEDLE ROLLER CAGE KT 404527
,4,,THRUST RACES AS 2542
,2,,O RING ID 160mm x 4mm
,2,,CIRCLIP ø 40mm
,2,,CIRCLIP ø 25mm
,10,FOR 1 & 2,HEX BOLT M10x25L - H.T. Gr. 8.8
,5,FOR 7 & 8,HEX BOLT M6x25L - H.T. Gr. 8.8
,4,FOR 1 & 7,HEX BOLT M16x40L - H.T. Gr. 8.8
,2,FOR 9 & 10,HEX BOLT M8x25L - H.T. Gr. 8.8
,2,,GRUB SCREW M16x12L
,3,FOR 8 & 9,ALLEN BOLT M8x20L
,3,FOR 7 & 8,ALLEN BOLT M6x35L
,3,FOR 9 & 10,ALLEN BOLT M8x20L
,2,STOPPER STUD WITH NUT,HEX BOLT WITH NUT M16x125L
,1,FOR 5 & 11,PARALLEL KEY 12x8x32
,1,FOR 12 & 13,PARALLEL KEY 8x7x25
,1,FOR 14,PARALLEL KEY 8x7x40
,1,FOR 3,INDICATOR PLATE ø 155mm
SLT-200/F30,1,,WGB HOUSING SLT-200/F30
,1,,WGB COVER SLT-200/F30
,1,,QUADRANT SLT-200/F30
,1,,WORM ø 110x103L - EN19
,1,,WORM SHAFT ø 50x384L - EN8
,2,,SPACER ø 75x17L
,1,DC-09,SGB HOUSING DC-09
,1,DC-09,SGB COVER DC-09
,1,MX-02,SGB HOUSING MX-02
,1,MX-02,SGB COVER MX-02
,1,"I , DC-09",SPUR GEAR-I  DC-09
,1,"II , DC-09",SPUR GEAR-II  DC-09
,1,MX-02,SPUR GEAR MX-02
,1,"I, DC-09",PINION SHAFT ø 55x144L - EN19
,1,"II, DC-9",PINION SHAFT ø 55x143L - EN19
,1,MX-02,PINION SHAFT ø 50x135L - EN19
,1,,HANDWHEEL ø 750mm
,1,FOR 5 & 7,BUSH ø 55x23L
,1,FOR 7 & 15,BUSH ø 40x27L
,1,FOR 8 & 15,BUSH ø 40x24L
,1,FOR 8 & 14,BUSH ø 35x27L
,1,FOR 9 & 14,BUSH ø 35x21L
,1,FOR 9 & 16,BUSH ø 35x19L
,1,FOR 10 & 16,BUSH ø 35x23L
,2,,"SPIRAL PIN ø 1/2""x70L"
,2,,BEARING AXK 7095+GS+WS
,1,,BEARING AXK 2542+AS+AS
,2,,NEEDLE ROLLER CAGE KT 455320
,1,,NEEDLE ROLLER CAGE KT 253017
,3,,THRUST RACES AS 2542
,1,,THRUST RACES AS 3047
,2,,O RING ID 160mm x 4mm
,1,,CIRCLIP ø 42mm
,3,,CIRCLIP ø 25mm
,10,FOR 1 & 2,HEX BOLT M10x25L - H.T. Gr. 8.8
,8,FOR 7 & 8,HEX BOLT M8x35L - H.T. Gr. 8.8
,2,FOR 9 & 10,HEX BOLT M8x25L - H.T. Gr. 8.8
,2,,GRUB SCREW M16x12L
,2,,EYE BOLT M16x45L
,4,FOR 1 & 7,ALLEN BOLT M20x50L
,3,FOR 8 & 9,ALLEN BOLT M8x25L
,3,FOR 9 & 10,ALLEN BOLT M8x20L
,2,STOPPER STUD WITH NUT,HEX BOLT WITH NUT M20x125L
,1,FOR 16 & 17,HEX BOLT M8x15L - M.S
,1,FOR 5 & 12,PARALLEL KEY 12x8x40
,1,FOR 11 & 15,PARALLEL KEY 8x7x25
,1,FOR 13 & 14,PARALLEL KEY 8x7x32
,1,FOR 16 & 17,PARALLEL KEY 8x7x40
,1,FOR 3,INDICATOR PLATE ø 155mm
,1,FOR 17,INDICATOR PLATE ø 50mm
,1,FOR 17 & 44,WASHER ID 9 x OD 30 x 1 THK
SLT-200/F30 EO,1,,WGB HOUSING SLT-200/F30
,1,,WGB COVER SLT-200/F30
,1,,QUADRANT SLT-200/F30
,1,,WORM ø 110x103L - EN19
,1,,WORM SHAFT ø 50x384L - EN8
,2,,SPACER ø 75x17L
,1,DC-09,SGB HOUSING DC-09
,1,DC-09,SGB COVER DC-09
,1,MX-02,SGB HOUSING MX-02
,1,MX-02,SGB COVER MX-02
,1,"I , DC-09",SPUR GEAR-I  DC-09
,1,"II , DC-09",SPUR GEAR-II  DC-09
,1,MX-02,SPUR GEAR MX-02
,1,"I, DC-09",PINION SHAFT ø 55x144L - EN19
,1,"II, DC-9",PINION SHAFT ø 55x143L - EN19
,1,MX-02,PINION SHAFT ø 50x209L - EN19
,1,FOR 5 & 7,BUSH ø 55x23L
,1,FOR 7 & 15,BUSH ø 40x27L
,1,FOR 8 & 15,BUSH ø 40x24L
,1,FOR 8 & 14,BUSH ø 35x27L
,1,FOR 9 & 14,BUSH ø 35x21L
,1,FOR 9 & 16,BUSH ø 35x19L
,1,FOR 10 & 16,BUSH ø 35x19L
,2,,"SPIRAL PIN ø 1/2""x70L"
,2,,BEARING AXK 7095+GS+WS
,1,,BEARING AXK 2542+AS+AS
,2,,NEEDLE ROLLER CAGE KT 455320
,1,,NEEDLE ROLLER CAGE KT 253017
,3,,THRUST RACES AS 2542
,1,,THRUST RACES AS 3047
,2,,O RING ID 160mm x 4mm
,1,,CIRCLIP ø 42mm
,2,,CIRCLIP ø 25mm
,10,FOR 1 & 2,HEX BOLT M10x25L - H.T. Gr. 8.8
,8,FOR 7 & 8,HEX BOLT M8x35L - H.T. Gr. 8.8
,2,FOR 9 & 10,HEX BOLT M8x25L - H.T. Gr. 8.8
,2,,GRUB SCREW M16x12L
,2,,EYE BOLT M16x45L
,4,FOR 1 & 7,ALLEN BOLT M20x50L
,3,FOR 8 & 9,ALLEN BOLT M8x25L
,3,FOR 9 & 10,ALLEN BOLT M8x20L
,2,STOPPER STUD WITH NUT,HEX BOLT WITH NUT M20x125L
,1,FOR 5 & 12,PARALLEL KEY 12x8x40
,1,FOR 12 & 16,PARALLEL KEY 8x7x25
,1,FOR 13 & 14,PARALLEL KEY 8x7x32
,1,FOR 16,PARALLEL KEY 8x7x40
,1,FOR 3,INDICATOR PLATE ø 155mm
SLT-250/F35,1,,WGB HOUSING SLT-250/F35
,1,,WGB COVER SLT-250/F35
,1,,QUADRANT SLT-250/F35
,1,,WORM ø 115x103L - EN19
,1,,WORM SHAFT ø 50x413L - EN8
,2,,SPACER ø 75x17L
,1,DC-09,SGB HOUSING DC-09
,1,DC-09,SGB COVER DC-09
,1,MX-02,SGB HOUSING MX-02
,1,MX-02,SGB COVER MX-02
,1,"I , DC-09",SPUR GEAR-I  DC-09
,1,"II , DC-09",SPUR GEAR-II  DC-09
,1,MX-02,SPUR GEAR MX-02
,1,"I, DC-09",PINION SHAFT ø 55x144L - EN19
,1,"II, DC-9",PINION SHAFT ø 55x143L - EN19
,1,MX-02,PINION SHAFT ø 50x135L - EN19
,1,,HANDWHEEL ø 750mm
,1,FOR 5 & 7,BUSH ø 55x23L
,1,FOR 7 & 15,BUSH ø 40x27L
,1,FOR 8 & 15,BUSH ø 40x24L
,1,FOR 8 & 14,BUSH ø 35x27L
,1,FOR 9 & 14,BUSH ø 35x21L
,1,FOR 9 & 16,BUSH ø 35x19L
,1,FOR 10 & 16,BUSH ø 35x23L
,2,,"SPIRAL PIN ø 1/2""x70L"
,2,,BEARING AXK 7095+GS+WS
,1,,BEARING AXK 2542+AS+AS
,2,,NEEDLE ROLLER CAGE KT 455320
,1,,NEEDLE ROLLER CAGE KT 253017
,3,,THRUST RACES AS 2542
,1,,THRUST RACES AS 3047
,2,,O RING ID 180mm x 4mm
,1,,CIRCLIP ø 42mm
,3,,CIRCLIP ø 25mm
,10,FOR 1 & 2,HEX BOLT M10x25L - H.T. Gr. 8.8
,8,FOR 7 & 8,HEX BOLT M8x35L - H.T. Gr. 8.8
,2,FOR 9 & 10,HEX BOLT M8x25L - H.T. Gr. 8.8
,2,,GRUB SCREW M16x12L
,2,,EYE BOLT M16x45L
,4,FOR 1 & 7,ALLEN BOLT M20x50L
,3,FOR 8 & 9,ALLEN BOLT M8x25L
,3,FOR 9 & 10,ALLEN BOLT M8x20L
,2,STOPPER STUD WITH NUT,HEX BOLT WITH NUT M20x125L
,1,FOR 16 & 17,HEX BOLT M8x15L - M.S
,1,FOR 5 & 12,PARALLEL KEY 12x8x40
,1,FOR 11 & 15,PARALLEL KEY 8x7x25
,1,FOR 13 & 14,PARALLEL KEY 8x7x32
,1,FOR 16 & 17,PARALLEL KEY 8x7x40
,1,FOR 3,INDICATOR PLATE ø 175mm
,1,FOR 17,INDICATOR PLATE ø 50mm
,1,FOR 17 & 44,WASHER ID 9 x OD 30 x 1 THK
SLT-250/F35 EO,1,,WGB HOUSING SLT-250/F35
,1,,WGB COVER SLT-250/F35
,1,,QUADRANT SLT-250/F35
,1,,WORM ø 115x103L - EN19
,1,,WORM SHAFT ø 50x413L - EN8
,2,,SPACER ø 75x17L
,1,DC-09,SGB HOUSING DC-09
,1,DC-09,SGB COVER DC-09
,1,MX-02,SGB HOUSING MX-02
,1,MX-02,SGB COVER MX-02
,1,"I , DC-09",SPUR GEAR-I  DC-09
,1,"II , DC-09",SPUR GEAR-II  DC-09
,1,MX-02,SPUR GEAR MX-02
,1,"I, DC-09",PINION SHAFT ø 55x144L - EN19
,1,"II, DC-9",PINION SHAFT ø 55x143L - EN19
,1,MX-02,PINION SHAFT ø 50x209L - EN19
,1,FOR 5 & 7,BUSH ø 55x23L
,1,FOR 7 & 15,BUSH ø 40x27L
,1,FOR 8 & 15,BUSH ø 40x24L
,1,FOR 8 & 14,BUSH ø 35x27L
,1,FOR 9 & 14,BUSH ø 35x21L
,1,FOR 9 & 16,BUSH ø 35x19L
,1,FOR 10 & 16,BUSH ø 35x19L
,2,,"SPIRAL PIN ø 1/2""x70L"
,2,,BEARING AXK 7095+GS+WS
,1,,BEARING AXK 2542+AS+AS
,2,,NEEDLE ROLLER CAGE KT 455320
,1,,NEEDLE ROLLER CAGE KT 253017
,3,,THRUST RACES AS 2542
,1,,THRUST RACES AS 3047
,2,,O RING ID 180mm x 4mm
,1,,CIRCLIP ø 42mm
,2,,CIRCLIP ø 25mm
,10,FOR 1 & 2,HEX BOLT M10x25L - H.T. Gr. 8.8
,8,FOR 7 & 8,HEX BOLT M8x35L - H.T. Gr. 8.8
,2,FOR 9 & 10,HEX BOLT M8x25L - H.T. Gr. 8.8
,2,,GRUB SCREW M16x12L
,2,,EYE BOLT M16x45L
,4,FOR 1 & 7,ALLEN BOLT M20x50L
,3,FOR 8 & 9,ALLEN BOLT M8x25L
,3,FOR 9 & 10,ALLEN BOLT M8x20L
,2,STOPPER STUD WITH NUT,HEX BOLT WITH NUT M20x125L
,1,FOR 5 & 12,PARALLEL KEY 12x8x40
,1,FOR 12 & 16,PARALLEL KEY 8x7x25
,1,FOR 13 & 14,PARALLEL KEY 8x7x32
,1,FOR 16,PARALLEL KEY 8x7x40
,1,FOR 3,INDICATOR PLATE ø 155mm
SLT-350/F35,1,,WGB HOUSING SLT-350/F35
,1,,WGB COVER SLT-350/F35
,1,,QUADRANT SLT-350/F35
,1,,WORM ø 140x225L - EN19
,1,,WORM SHAFT ø 60x480L - EN8
,2,,SPACER ø 85x18L
,1,DT-09,SGB HOUSING DT-09
,1,DT-09,SGB COVER DT-09
,1,SM-03,SGB HOUSING SM-03
,1,SM-03,SGB COVER SM-03
,1,"I , DT-09",SPUR GEAR-I  DT-09
,1,"II , DT-09",SPUR GEAR-II  DT-09
,1,SM-03,SPUR GEAR  SM-03
,1,"I, DT-09",PINION SHAFT ø 60x161L - EN19
,1,"II, DT-9",PINION SHAFT ø 75x141L - EN19
,1,SM-03,PINION SHAFT ø 50x151L - EN19
,1,,HANDWHEEL ø 750mm
,1,FOR 5 & 7,BUSH ø 65x28L
,1,FOR 7 & 15,BUSH ø 55x28L
,1,FOR 8 & 14,BUSH ø 40x28L
,1,FOR 7 & 14,BUSH ø 40x28L
,1,FOR 9 & 14,BUSH ø 40x18L
,1,FOR 9 & 16,BUSH ø 35x21L
,1,FOR 10 & 16,BUSH ø 35x37L
,2,,"SPIRAL PIN ø 1/2""x80L"
,2,,BEARING AXK 80105+GS+WS
,2,,NEEDLE ROLLER CAGE KT 556020
,1,,NEEDLE ROLLER CAGE KT 455320
,1,,THRUST RACES AS 4565
,2,,THRUST RACES AS 3047
,2,,THRUST RACES AS 2542
,2,,O RING ID 220mm x 4mm
,2,,CIRCLIP ø 55mm
,2,,CIRCLIP ø 30mm
,1,,CIRCLIP ø 25mm
,12,FOR 1 & 2,HEX BOLT M12x40L - H.T. Gr. 8.8
,5,FOR 7 & 8,HEX BOLT M10x25L - H.T. Gr. 8.8
,6,FOR 9 & 10,HEX BOLT M8x35L - H.T. Gr. 8.8
,4,FOR 9 & 10,HEX BOLT M8x50L - H.T. Gr. 8.8
,4,FOR 8 & 9,HEX BOLT M10x30L - H.T. Gr. 8.8
,2,,GRUB SCREW M16x12L
,2,,EYE BOLT M16x25L
,4,FOR 1 & 7,ALLEN BOLT M20x45L
,3,FOR 8 & 9,ALLEN BOLT M10x25L
,2,STOPPER STUD WITH NUT,HEX BOLT WITH NUT M20x125L
,1,FOR 16 & 17,HEX BOLT M8x15L - M.S
,1,FOR 5 & 12,PARALLEL KEY 16x10x45
,1,FOR 11 & 15,PARALLEL KEY 14x9x36
,1,FOR 13 & 14,PARALLEL KEY 8x7x32
,1,FOR 16 & 17,PARALLEL KEY 8x7x40
,1,FOR 3,INDICATOR PLATE ø 215mm
,1,FOR 17,INDICATOR PLATE ø 50mm
,1,FOR 17 & 46,WASHER ID 9 x OD 30 x 1 THK
SLT-350/F35 EO,1,,WGB HOUSING SLT-350/F35
,1,,WGB COVER SLT-350/F35
,1,,QUADRANT SLT-350/F35
,1,,WORM ø 140x225L - EN19
,1,,WORM SHAFT ø 60x480L - EN8
,2,,SPACER ø 85x18L
,1,DT-09,SGB HOUSING DT-09
,1,DT-09,SGB COVER DT-09
,1,SM-03,SGB HOUSING SM-03
,1,SM-03,SGB COVER SM-03
,1,"I , DT-09",SPUR GEAR-I  DT-09
,1,"II , DT-09",SPUR GEAR-II  DT-09
,1,SM-03,SPUR GEAR  SM-03
,1,"I, DT-09",PINION SHAFT ø 60x161L - EN19
,1,"II, DT-9",PINION SHAFT ø 75x141L - EN19
,1,SM-03,PINION SHAFT ø 50x232L - EN19
,1,FOR 5 & 7,BUSH ø 65x28L
,1,FOR 7 & 15,BUSH ø 55x28L
,1,FOR 8 & 14,BUSH ø 40x28L
,1,FOR 7 & 14,BUSH ø 40x28L
,1,FOR 9 & 14,BUSH ø 40x18L
,1,FOR 9 & 16,BUSH ø 35x21L
,1,FOR 10 & 16,BUSH ø 35x37L
,2,,"SPIRAL PIN ø 1/2""x80L"
,2,,BEARING AXK 80105+GS+WS
,2,,NEEDLE ROLLER CAGE KT 556020
,1,,NEEDLE ROLLER CAGE KT 455320
,1,,THRUST RACES AS 4565
,2,,THRUST RACES AS 3047
,2,,THRUST RACES AS 2542
,2,,O RING ID 220mm x 4mm
,2,,CIRCLIP ø 55mm
,2,,CIRCLIP ø 30mm
,12,FOR 1 & 2,HEX BOLT M12x40L - H.T. Gr. 8.8
,5,FOR 7 & 8,HEX BOLT M10x25L - H.T. Gr. 8.8
,6,FOR 9 & 10,HEX BOLT M8x35L - H.T. Gr. 8.8
,3,FOR 9 & 10,ALLEN BOLT M8x35L - H.T. Gr. 8.8
,4,FOR 8 & 9,HEX BOLT M10x30L - H.T. Gr. 8.8
,2,,GRUB SCREW M16x12L
,2,,EYE BOLT M16x25L
,4,FOR 1 & 7,ALLEN BOLT M20x45L
,3,FOR 8 & 9,ALLEN BOLT M10x25L
,2,STOPPER STUD WITH NUT,HEX BOLT WITH NUT M20x125L
,1,FOR 5 & 12,PARALLEL KEY 16x10x45
,1,FOR 11 & 15,PARALLEL KEY 14x9x36
,1,FOR 13 & 14,PARALLEL KEY 8x7x32
,1,FOR 16,PARALLEL KEY 8x7x40
,1,FOR 3,INDICATOR PLATE ø 215mm
SLT-460/F35,1,,WGB HOUSING SLT-460/F35
,1,,WGB COVER SLT-460/F35
,1,,QUADRANT SLT-460/F35
,1,,WORM ø 140x225L - EN19
,1,,WORM SHAFT ø 60x480L - EN8
,2,,SPACER ø 85x18L
,1,DT-09,SGB HOUSING DT-09
,1,DT-09,SGB COVER DT-09
,1,SM-05,SGB HOUSING SM-05
,1,SM-05,SGB COVER SM-05
,1,"I , DT-09",SPUR GEAR-I  DT-09
,1,"II , DT-09",SPUR GEAR-II  DT-09
,1,SM-05,SPUR GEAR  SM-05
,1,"I, DT-09",PINION SHAFT ø 60x161L - EN19
,1,"II, DT-9",PINION SHAFT ø 75x141L - EN19
,1,SM-05,PINION SHAFT ø 40x151L - EN19
,1,,HANDWHEEL ø 750mm
,1,FOR 5 & 7,BUSH ø 65x28L
,1,FOR 7 & 15,BUSH ø 55x28L
,1,FOR 8 & 14,BUSH ø 40x28L
,1,FOR 7 & 14,BUSH ø 40x28L
,1,FOR 9 & 14,BUSH ø 40x18L
,1,FOR 9 & 16,BUSH ø 35x21L
,1,FOR 10 & 16,BUSH ø 35x37L
,2,,"SPIRAL PIN ø 1/2""x80L"
,2,,BEARING AXK 80105+GS+WS
,2,,NEEDLE ROLLER CAGE KT 556020
,1,,NEEDLE ROLLER CAGE KT 455320
,1,,THRUST RACES AS 4565
,2,,THRUST RACES AS 3047
,2,,THRUST RACES AS 2542
,2,,O RING ID 220mm x 4mm
,2,,CIRCLIP ø 55mm
,2,,CIRCLIP ø 30mm
,1,,CIRCLIP ø 25mm
,12,FOR 1 & 2,HEX BOLT M12x40L - H.T. Gr. 8.8
,5,FOR 7 & 8,HEX BOLT M10x25L - H.T. Gr. 8.8
,6,FOR 9 & 10,HEX BOLT M8x35L - H.T. Gr. 8.8
,4,FOR 9 & 10,HEX BOLT M8x50L - H.T. Gr. 8.8
,4,FOR 8 & 9,HEX BOLT M10x30L - H.T. Gr. 8.8
,2,,GRUB SCREW M16x12L
,2,,EYE BOLT M16x25L
,4,FOR 1 & 7,ALLEN BOLT M20x45L
,3,FOR 8 & 9,ALLEN BOLT M10x25L
,2,STOPPER STUD WITH NUT,HEX BOLT WITH NUT M20x125L
,1,FOR 16 & 17,HEX BOLT M8x15L - M.S
,1,FOR 5 & 12,PARALLEL KEY 16x10x45
,1,FOR 11 & 15,PARALLEL KEY 14x9x36
,1,FOR 13 & 14,PARALLEL KEY 8x7x32
,1,FOR 16 & 17,PARALLEL KEY 8x7x40
,1,FOR 3,INDICATOR PLATE ø 215mm
,1,FOR 17,INDICATOR PLATE ø 50mm
,1,FOR 17 & 46,WASHER ID 9 x OD 30 x 1 THK
SLT-460/F35 EO,1,,WGB HOUSING SLT-460/F35
,1,,WGB COVER SLT-460/F35
,1,,QUADRANT SLT-460/F35
,1,,WORM ø 140x225L - EN19
,1,,WORM SHAFT ø 60x480L - EN8
,2,,SPACER ø 85x18L
,1,DT-09,SGB HOUSING DT-09
,1,DT-09,SGB COVER DT-09
,1,SM-05,SGB HOUSING SM-05
,1,SM-05,SGB COVER SM-05
,1,"I , DT-09",SPUR GEAR-I  DT-09
,1,"II , DT-09",SPUR GEAR-II  DT-09
,1,SM-05,SPUR GEAR  SM-05
,1,"I, DT-09",PINION SHAFT ø 60x161L - EN19
,1,"II, DT-9",PINION SHAFT ø 75x141L - EN19
,1,SM-05,PINION SHAFT ø 40x232L - EN19
,1,FOR 5 & 7,BUSH ø 65x28L
,1,FOR 7 & 15,BUSH ø 55x28L
,1,FOR 8 & 14,BUSH ø 40x28L
,1,FOR 7 & 14,BUSH ø 40x28L
,1,FOR 9 & 14,BUSH ø 40x18L
,1,FOR 9 & 16,BUSH ø 35x21L
,1,FOR 10 & 16,BUSH ø 35x37L
,2,,"SPIRAL PIN ø 1/2""x80L"
,2,,BEARING AXK 80105+GS+WS
,2,,NEEDLE ROLLER CAGE KT 556020
,1,,NEEDLE ROLLER CAGE KT 455320
,1,,THRUST RACES AS 4565
,2,,THRUST RACES AS 3047
,2,,THRUST RACES AS 2542
,2,,O RING ID 220mm x 4mm
,2,,CIRCLIP ø 55mm
,2,,CIRCLIP ø 30mm
,12,FOR 1 & 2,HEX BOLT M12x40L - H.T. Gr. 8.8
,5,FOR 7 & 8,HEX BOLT M10x25L - H.T. Gr. 8.8
,6,FOR 9 & 10,HEX BOLT M8x35L - H.T. Gr. 8.8
,3,FOR 9 & 10,ALLEN BOLT M8x35L - H.T. Gr. 8.8
,4,FOR 8 & 9,HEX BOLT M10x30L - H.T. Gr. 8.8
,2,,GRUB SCREW M16x12L
,2,,EYE BOLT M16x25L
,4,FOR 1 & 7,ALLEN BOLT M20x45L
,3,FOR 8 & 9,ALLEN BOLT M10x25L
,2,STOPPER STUD WITH NUT,HEX BOLT WITH NUT M20x125L
,1,FOR 5 & 12,PARALLEL KEY 16x10x45
,1,FOR 11 & 15,PARALLEL KEY 14x9x36
,1,FOR 13 & 14,PARALLEL KEY 8x7x32
,1,FOR 16,PARALLEL KEY 8x7x40
,1,FOR 3,INDICATOR PLATE ø 215mm
SLS-06/F40,1,,WGB HOUSING SLS-06/F40
,1,,WGB COVER SLS-06/F40
,1,,QUADRANT SLS-06/F40
,1,,WORM ø 140x225L - EN19
,1,,WORM SHAFT ø 60x538L - EN8
,2,,COLLAR ø 110x32L - EN8
,1,DT-09,SGB HOUSING DT-09
,1,DT-09,SGB COVER DT-09
,1,SM-05,SGB HOUSING SM-05
,1,SM-05,SGB COVER SM-05
,1,"I , DT-09",SPUR GEAR-I  DT-09
,1,"II , DT-09",SPUR GEAR-II  DT-09
,1,SM-05,SPUR GEAR  SM-05
,1,"I, DT-09",PINION SHAFT ø 60x161L - EN19
,1,"II, DT-9",PINION SHAFT ø 75x141L - EN19
,1,SM-05,PINION SHAFT ø 40x151L - EN19
,1,,HANDWHEEL ø 750mm
,1,FOR 5 & 7,BUSH ø 70x28L
,1,FOR 7 & 15,BUSH ø 55x28L
,1,FOR 8 & 14,BUSH ø 40x28L
,1,FOR 7 & 14,BUSH ø 40x28L
,1,FOR 9 & 14,BUSH ø 40x18L
,1,FOR 9 & 16,BUSH ø 35x21L
,1,FOR 10 & 16,BUSH ø 35x37L
,2,,"SPIRAL PIN ø 1/2""x85L"
,2,,BEARING AXK 80105+GS+WS
,2,,NEEDLE ROLLER CAGE KT 586420
,1,,NEEDLE ROLLER CAGE KT 455320
,1,,THRUST RACES AS 4565
,2,,THRUST RACES AS 3047
,2,,THRUST RACES AS 3552
,2,,O RING ID 220mm x 4mm
,2,,CIRCLIP ø 58mm
,2,,CIRCLIP ø 30mm
,1,,CIRCLIP ø 25mm
,14,FOR 1 & 2,HEX BOLT M12x40L - H.T. Gr. 8.8
,5,FOR 7 & 8,HEX BOLT M10x25L - H.T. Gr. 8.8
,6,FOR 9 & 10,HEX BOLT M8x35L - H.T. Gr. 8.8
,4,FOR 9 & 10,HEX BOLT M8x50L - H.T. Gr. 8.8
,4,FOR 8 & 9,HEX BOLT M10x30L - H.T. Gr. 8.8
,2,,GRUB SCREW M16x12L
,2,,EYE BOLT M16x25L
,4,FOR 1 & 7,ALLEN BOLT M20x45L
,3,FOR 8 & 9,ALLEN BOLT M10x25L
,2,STOPPER STUD WITH NUT,HEX BOLT WITH NUT M30x140L
,1,FOR 16 & 17,HEX BOLT M8x15L - M.S
,1,FOR 5 & 12,PARALLEL KEY 16x10x45
,1,FOR 11 & 15,PARALLEL KEY 14x9x36
,1,FOR 13 & 14,PARALLEL KEY 8x7x32
,1,FOR 16 & 17,PARALLEL KEY 8x7x40
,1,FOR 3,INDICATOR PLATE ø 215mm
,1,FOR 17,INDICATOR PLATE ø 50mm
,1,FOR 17 & 46,WASHER ID 9 x OD 30 x 1 THK
SLS-06/F40 EO,1,,WGB HOUSING SLS-06/F40
,1,,WGB COVER SLS-06/F40
,1,,QUADRANT SLS-06/F40
,1,,WORM ø 140x225L - EN19
,1,,WORM SHAFT ø 60x538L - EN8
,2,,COLLAR ø 110x32L - EN8
,1,DT-09,SGB HOUSING DT-09
,1,DT-09,SGB COVER DT-09
,1,SM-05,SGB HOUSING SM-05
,1,SM-05,SGB COVER SM-05
,1,"I , DT-09",SPUR GEAR-I  DT-09
,1,"II , DT-09",SPUR GEAR-II  DT-09
,1,SM-05,SPUR GEAR  SM-05
,1,"I, DT-09",PINION SHAFT ø 60x161L - EN19
,1,"II, DT-9",PINION SHAFT ø 75x141L - EN19
,1,SM-05,PINION SHAFT ø 40x232L - EN19
,1,FOR 5 & 7,BUSH ø 70x28L
,1,FOR 7 & 15,BUSH ø 55x28L
,1,FOR 8 & 14,BUSH ø 40x28L
,1,FOR 7 & 14,BUSH ø 40x28L
,1,FOR 9 & 14,BUSH ø 40x18L
,1,FOR 9 & 16,BUSH ø 35x21L
,1,FOR 10 & 16,BUSH ø 35x37L
,2,,"SPIRAL PIN ø 1/2""x85L"
,2,,BEARING AXK 80105+GS+WS
,2,,NEEDLE ROLLER CAGE KT 586420
,1,,NEEDLE ROLLER CAGE KT 455320
,1,,THRUST RACES AS 4565
,2,,THRUST RACES AS 3047
,2,,THRUST RACES AS 3552
,2,,O RING ID 220mm x 4mm
,2,,CIRCLIP ø 58mm
,2,,CIRCLIP ø 30mm
,14,FOR 1 & 2,HEX BOLT M12x40L - H.T. Gr. 8.8
,5,FOR 7 & 8,HEX BOLT M10x25L - H.T. Gr. 8.8
,6,FOR 9 & 10,HEX BOLT M8x35L - H.T. Gr. 8.8
,3,FOR 9 & 10,ALLEN BOLT M8x35L - H.T. Gr. 8.8
,4,FOR 8 & 9,HEX BOLT M10x30L - H.T. Gr. 8.8
,2,,GRUB SCREW M16x12L
,2,,EYE BOLT M16x25L
,4,FOR 1 & 7,ALLEN BOLT M20x45L
,3,FOR 8 & 9,ALLEN BOLT M10x25L
,2,STOPPER STUD WITH NUT,HEX BOLT WITH NUT M30x140L
,1,FOR 5 & 12,PARALLEL KEY 16x10x45
,1,FOR 11 & 15,PARALLEL KEY 14x9x36
,1,FOR 13 & 14,PARALLEL KEY 8x7x32
,1,FOR 16,PARALLEL KEY 8x7x40
,1,FOR 3,INDICATOR PLATE ø 215mm
