Name,Product Type,Internal Category, Machine Drawing No,Casting Drawing No,Size,Material,OD (mm) , L (mm) ,ID (mm) 
MLS-04/F25,Stockable Product,All,,,,,,,
MLS-04/F25 (EO),Stockable Product,All,,,,,,,
MLS-04/F25 (INDICATOR),Stockable Product,All,,,,,,,
MLS-05/F30,Stockable Product,All,,,,,,,
MLS-05/F30 (EO),Stockable Product,All,,,,,,,
MLS-05/F30 (INDICATOR),Stockable Product,All,,,,,,,
MLS-05/F16,Stockable Product,All,,,,,,,
MLS-05/F16 (EO),Stockable Product,All,,,,,,,
MLS-05/F16 (INDICATOR),Stockable Product,All,,,,,,,
MLS-04/F16,Stockable Product,All,,,,,,,
MLS-04/F16 (EO),Stockable Product,All,,,,,,,
MLS-04/F16 (INDICATOR),Stockable Product,All,,,,,,,
MLS-02/F14,Stockable Product,All,,,,,,,
MLS-02/F14 (EO),Stockable Product,All,,,,,,,
MLS-02/F16,Stockable Product,All,,,,,,,
MLS-02/F16 (EO),Stockable Product,All,,,,,,,
MLS-02/F16 (INDICATOR),Stockable Product,All,,,,,,,
MLS-05/F25,Stockable Product,All,,,,,,,
MLS-05/F25 (EO),Stockable Product,All,,,,,,,
MLS-06/F30,Stockable Product,All,,,,,,,
MLS-06/F30 (EO),Stockable Product,All,,,,,,,
ORS-05/F25,Stockable Product,All,,,,,,,
ORS-05/F30,Stockable Product,All,,,,,,,
ORS-06/F30,Stockable Product,All,,,,,,,
MLW-13/F16,Stockable Product,All,,,,,,,
MLW-13/F25,Stockable Product,All,,,,,,,
MLW-60/F35,Stockable Product,All,,,,,,,
MLW-30/F30,Stockable Product,All,,,,,,,
MLW-15/F30,Stockable Product,All,,,,,,,
SLM-09/F12,Stockable Product,All,,,,,,,
SLM-12/F10 EO,Stockable Product,All,,,,,,,
SLM-14/F12,Stockable Product,All,,,,,,,
SLM-14/F12 EO,Stockable Product,All,,,,,,,
SLM-27/F14,Stockable Product,All,,,,,,,
SLM-27/F14 EO,Stockable Product,All,,,,,,,
SLM-27/F12,Stockable Product,All,,,,,,,
SLM-27/F12 EO,Stockable Product,All,,,,,,,
SLM-37/F14,Stockable Product,All,,,,,,,
SLM-37/F14 EO,Stockable Product,All,,,,,,,
SLM-37A/F14,Stockable Product,All,,,,,,,
SLM-37A/F14 EO,Stockable Product,All,,,,,,,
SLM-37/F16,Stockable Product,All,,,,,,,
SLM-37/F16 EO,Stockable Product,All,,,,,,,
SLM-37A/F16,Stockable Product,All,,,,,,,
SLM-37A/F16 EO,Stockable Product,All,,,,,,,
SLM-53/F16,Stockable Product,All,,,,,,,
SLM-53/F16 EO,Stockable Product,All,,,,,,,
SLM-66/F16,Stockable Product,All,,,,,,,
SLM-66/F16 EO,Stockable Product,All,,,,,,,
SLM-66/F25,Stockable Product,All,,,,,,,
SLM-66/F25 EO,Stockable Product,All,,,,,,,
SLT-115/F25,Stockable Product,All,,,,,,,
SLT-115/F25 EO,Stockable Product,All,,,,,,,
SLT-125/F25,Stockable Product,All,,,,,,,
SLT-125/F25 EO,Stockable Product,All,,,,,,,
SLT-165/F30,Stockable Product,All,,,,,,,
SLT-165/F30 EO,Stockable Product,All,,,,,,,
SLT-200/F30,Stockable Product,All,,,,,,,
SLT-200/F30 EO,Stockable Product,All,,,,,,,
SLT-250/F35,Stockable Product,All,,,,,,,
SLT-250/F35 EO,Stockable Product,All,,,,,,,
SLT-350/F35,Stockable Product,All,,,,,,,
SLT-350/F35 EO,Stockable Product,All,,,,,,,
SLT-460/F35,Stockable Product,All,,,,,,,
SLT-460/F35 EO,Stockable Product,All,,,,,,,
SLS-06/F40,Stockable Product,All,,,,,,,
SLS-06/F40 EO,Stockable Product,All,,,,,,,
SGB HOUSING MLS-04/F25,Stockable Product,SGB HOUSING,014-1-M/R0,,,C.I. IS:210 Gr. FG 220,,,
SGB COVER MLS-04/F25,Stockable Product,SGB COVER,015-01-M/R0,,,C.I. IS:210 Gr. FG 220,,,
SPUR GEAR MLS-04/F25,Stockable Product,SPUR GEAR,022-04-M/R0,,,EN8,,,
PINION SHAFT ø 45x150L - EN19,Stockable Product,PINION SHAFT,016-03-M/R0,,,EN19,,,
HARD WASHER OD 115 x ID 97 x 7 THK,Stockable Product,HARD WASHER,009-10-M/R0,,OD 115 x ID 97 x 7 THK,ST.STEEL,115,7,97
HANDWHEEL ø 500mm,Stockable Product,HANDWHEEL,011-09-F/R0,,ø 500mm,M.S. FABRICATED,,,
BUSH ø 35x19L,Stockable Product,BUSH,039-07-M/R0,,ø 35x19L,BRASS,35,19,
BUSH ø 35x30L,Stockable Product,BUSH,040-07-M/R0,,ø 35x30L,BRASS,35,30,
THRUST RACES AS 2542,Stockable Product,THRUST RACES,,,AS 2542,STANDARD,,,
STEEL BALL ø 6mm,Stockable Product,STEEL BALL,,,ø 6mm,ST.STEEL,,,
O RING ID 100mm x 3mm,Stockable Product,O RING,,,ID 100mm x 3mm C/S,NITRILE RUBBER,,,
CIRCLIP ø 25mm,Stockable Product,CIRCLIP,,,ø 25mm,STANDARD,,,
HEX BOLT M6x25L - C.S. Gr. 4.0,Stockable Product,HEX BOLT,,,M6x25L,C.S. Gr. 4.0,,,
HEX BOLT M6x40L - C.S. Gr. 4.0,Stockable Product,HEX BOLT,,,M6x40L,C.S. Gr. 4.0,,,
HEX BOLT M8x15L - C.S. Gr. 4.0,Stockable Product,HEX BOLT,,,M8x15L,C.S. Gr. 4.0,,,
PARALLEL KEY 8x7x40,Stockable Product,PARALLEL KEY,,,8x7x40,C-40,8,40,7
INDICATOR PLATE ø 50mm,Stockable Product,INDICATOR PLATE,,,ø 50mm,ALUMINIUM,,,
WASHER ID 9 x OD 30 x 1 THK,Stockable Product,WASHER,,,ID 9 x OD 30 x 1 THK,M.S.,9,1,30
SGB COVER MLS-04/F25,Stockable Product,SGB COVER,215-01-M/R0,,,C.I. IS:210 Gr. FG 220,,,
PINION SHAFT ø 45x243L - EN19,Stockable Product,PINION SHAFT,516-03-M/R0,,ø 45x243L,EN19,45,243,
ALLEN BOLT M6x40L - C.S. Gr. 4.0,Stockable Product,ALLEN BOLT,,,M6x40L,C.S. Gr. 4.0,,,
SGB COVER MLS-04/F25,Stockable Product,SGB COVER,315-01-M/R0,,,C.I. IS:210 Gr. FG 220,,,
SPUR GEAR MLS-04/F25,Stockable Product,SPUR GEAR,122-04-M/R0,,,EN8,,,
PINION SHAFT ø 45x311L - EN19,Stockable Product,PINION SHAFT,316-03-M/R0,,ø 45x311L,EN19,45,311,
HEX BOLT M6x50L - C.S. Gr. 4.0,Stockable Product,HEX BOLT,,,M6x50L,C.S. Gr. 4.0,,,
HEX BOLT M6x15L - C.S. Gr. 4.0,Stockable Product,HEX BOLT,,,M6x15L,C.S. Gr. 4.0,,,
HEX BOLT M8x25L - C.S. Gr. 4.0,Stockable Product,HEX BOLT,,,M8x25L,C.S. Gr. 4.0,,,
INDICATOR ROD,Stockable Product,INDICATOR ROD,034-09-M/R0,,,M.S.,,,
PIPE HOOD FOR INDICATOR,Stockable Product,PIPE HOOD FOR INDICATOR,033-09-F/R0,,,M.S. FABRICATED,,,
PIPE HOOD FOR PINION SHAFT,Stockable Product,PIPE HOOD FOR PINION SHAFT,041-09-F/R0,,,M.S. FABRICATED,,,
SGB HOUSING MLS-05/F30,Stockable Product,SGB HOUSING,014-1-M/R0,,,C.I. IS:210 Gr. FG 220,,,
SGB COVER MLS-05/F30,Stockable Product,SGB COVER,015-01-M/R0,,,C.I. IS:210 Gr. FG 220,,,
SPUR GEAR MLS-05/F30,Stockable Product,SPUR GEAR,022-04-M/R0,,,S.G.I. IS1865 Gr. 500/7,,,
PINION SHAFT ø 50x168L - EN19,Stockable Product,PINION SHAFT,016-03-M/R0,,ø 50x168L,EN19,50,168,
HARD WASHER OD 140 x ID 120 x 7 THK,Stockable Product,HARD WASHER,009-10-M/R0,,OD 140 x ID 120 x 7 THK,ST.STEEL,140,7,120
HANDWHEEL ø 700mm,Stockable Product,HANDWHEEL,011-09-F/R0,,ø 700mm,M.S. FABRICATED,,,
BUSH ø 40x19L,Stockable Product,BUSH,039-07-M/R0,,ø 40x19L,BRASS,40,19,
BUSH ø 40x43L,Stockable Product,BUSH,040-07-M/R0,,ø 40x43L,BRASS,40,43,
THRUST RACES AS 3047,Stockable Product,THRUST RACES,,,AS 3047,STANDARD,,,
O RING ID 119mm x 4mm,Stockable Product,O RING,,,ID 119mm x 4mm C/S,NITRILE RUBBER,,,
CIRCLIP ø 30mm,Stockable Product,CIRCLIP,,,ø 30mm,STANDARD,,,
HEX BOLT M10x30L - C.S. Gr. 4.0,Stockable Product,HEX BOLT,,,M10x30L,C.S. Gr. 4.0,,,
HEX BOLT M10x55L - C.S. Gr. 4.0,Stockable Product,HEX BOLT,,,M10x55L,C.S. Gr. 4.0,,,
WASHER ID 9 x OD 35 x 1 THK,Stockable Product,WASHER,,,ID 9 x OD 35 x 1 THK,M.S.,35,1,9
SGB COVER MLS-05/F30,Stockable Product,SGB COVER,215-01-M/R0,,,C.I. IS:210 Gr. FG 220,,,
PINION SHAFT ø 50x248L - EN19,Stockable Product,PINION SHAFT,A16-03-M/R0,,,EN19,,,
ALLEN BOLT M10x40L - C.S. Gr. 4.0,Stockable Product,ALLEN BOLT,,,M10x40L,C.S. Gr. 4.0,,,
SGB COVER MLS-05/F30,Stockable Product,SGB COVER,115-01-M/R0,,,C.I. IS:210 Gr. FG 220,,,
SPUR GEAR MLS-05/F30,Stockable Product,SPUR GEAR,122-04-M/R0,,,S.G.I. IS1865 Gr. 500/7,,,
PINION SHAFT ø 50x390L - EN19,Stockable Product,PINION SHAFT,316-03-M/R0,,ø 50x390L,EN19,,,
HEX BOLT M6x30L - C.S. Gr. 4.0,Stockable Product,HEX BOLT,,,M6x30L,C.S. Gr. 4.0,,,
SGB HOUSING MLS-05/F16,Stockable Product,SGB HOUSING,014-1-M/R0,,,C.I. IS:210 Gr. FG 220,,,
SGB COVER MLS-05/F16,Stockable Product,SGB COVER,015-01-M/R0,,,C.I. IS:210 Gr. FG 220,,,
SPUR GEAR MLS-05/F16,Stockable Product,SPUR GEAR,022-04-M/R0,,,EN8,,,
PINION SHAFT ø 36x151L - EN19,Stockable Product,PINION SHAFT,016-03-M/R0,,ø 36x151L,EN19,,,
HARD WASHER OD 73 x ID 57 x 6 THK,Stockable Product,HARD WASHER,009-10-M/R0,,OD 73 x ID 57 x 6 THK,ST.STEEL,73,6,57
BUSH ø 35x21L,Stockable Product,BUSH,039-07-M/R0,,ø 35x21L,BRASS,35,21,
BUSH ø 35x38L,Stockable Product,BUSH,040-07-M/R0,,ø 35x38L,BRASS,35,38,
STEEL BALL ø 4mm,Stockable Product,STEEL BALL,,,ø 4mm,ST.STEEL,,,
O RING ID 60mm x 3mm,Stockable Product,O RING,,,ID 60mm x 3mm C/S,NITRILE RUBBER,,,
HEX BOLT M8x30L - C.S. Gr. 4.0,Stockable Product,HEX BOLT,,,M8x30L,C.S. Gr. 4.0,,,
HEX BOLT M8x45L - C.S. Gr. 4.0,Stockable Product,HEX BOLT,,,M8x45L,C.S. Gr. 4.0,,,
SGB COVER MLS-05/F16,Stockable Product,SGB COVER,215-01-M/R0,,,C.I. IS:210 Gr. FG 220,,,
PINION SHAFT ø 36x227L - EN19,Stockable Product,PINION SHAFT,216-03-M/R0,,ø 36x227L ,EN19,36,227,
HEX BOLT M8x35L - C.S. Gr. 4.0,Stockable Product,ALLEN BOLT,,,M8x35L,C.S. Gr. 4.0,,,
SGB COVER MLS-05/F16,Stockable Product,SGB COVER,115-01-M/R0,,,C.I. IS:210 Gr. FG 220,,,
SPUR GEAR MLS-05/F16 (INDICATOR),Stockable Product,SPUR GEAR,222-04-M/R0,,,EN8,,,
PINION SHAFT ø 36x286L - EN19,Stockable Product,PINION SHAFT,016-03-M/R0,,ø 36x286L,EN19,,,
SGB HOUSING MLS-04/F16,Stockable Product,SGB HOUSING,014-01-M/R0,,,C.I. IS:210 Gr. FG 220,,,
SGB COVER MLS-04/F16,Stockable Product,SGB COVER,015-01-M/R0,,,C.I. IS:210 Gr. FG 220,,,
SPUR GEAR MLS-04/F16,Stockable Product,SPUR GEAR,022-04-M/R0,,,EN8,,,
PINION SHAFT ø 45x151L - EN19,Stockable Product,PINION SHAFT,016-03-M/R0,,ø 45x151L,EN19,45,15,
PINION SHAFT ø 45x227L - EN19,Stockable Product,PINION SHAFT,216-03-M/R0,,ø 45x227L,EN19,45,227,
HEX BOLT M8x35L - C.S. Gr. 4.0,Stockable Product,ALLEN BOLT,,,M8x35L,C.S. Gr. 4.0,,,
SPUR GEAR MLS-04/F16 (INDICATOR),Stockable Product,SPUR GEAR,222-04-M/R0,,,EN8,,,
PINION SHAFT ø 45x287L - EN19,Stockable Product,PINION SHAFT,116-03-M/R0,,ø 45x287L,EN19,45,287,
SGB HOUSING MLS-02/F14,Stockable Product,SGB HOUSING,014-1-M/R0,,,C.I. IS:210 Gr. FG 220,,,
SGB COVER MLS-02/F14,Stockable Product,SGB COVER,015-01-M/R0,,,C.I. IS:210 Gr. FG 220,,,
SPUR GEAR MLS-02/F14 (STD),Stockable Product,SPUR GEAR,022-04-M/R0,,,EN8,,,
PINION SHAFT ø 40x125L - EN19,Stockable Product,PINION SHAFT,016-03-M/R0,,,EN19,,,
HANDWHEEL ø 250mm,Stockable Product,HANDWHEEL,011-09-M/R0,,ø 250mm,M.S. FABRICATED,,,
O RING ID 50mm x 2mm,Stockable Product,O RING,,,ID 50mm x 2mm C/S,NITRILE RUBBER,,,
PARALLEL KEY 8x7x32,Stockable Product,PARALLEL KEY,,,8x7x32,C-40,,,
PINION SHAFT ø 45x213L - EN19,Stockable Product,PINION SHAFT,216-03-M/R0,,,EN19,,,
BUSH ø 35x26L,Stockable Product,BUSH,040-07-M/R0,,,BRASS,,,
ALLEN BOLT M8x25L - C.S. Gr. 4.0,Stockable Product,ALLEN BOLT,,,M8x25L,C.S. Gr. 4.0,,,
PARALLEL KEY 8x7x36,Stockable Product,PARALLEL KEY,,,8x7x36,C-40,,,
SGB HOUSING MLS-02/F16,Stockable Product,SGB HOUSING,014-1-M/R0,,,C.I. IS:210 Gr. FG 220,,,
SGB COVER MLS-02/F16,Stockable Product,SGB COVER,115-01-M/R0,,,C.I. IS:210 Gr. FG 220,,,
SPUR GEAR MLS-02/F16 (STD),Stockable Product,SPUR GEAR,122-04-M/R0,,,EN8,,,
PINION SHAFT ø 50x128L - EN19,Stockable Product,PINION SHAFT,216-03-M/R0,,,EN19,,,
PINION SHAFT ø 50x224L - EN19,Stockable Product,PINION SHAFT,316-03-M/R0,,,EN19,,,
HARD WASHER OD 72 x ID 60 x 6 THK,Stockable Product,HARD WASHER,009-10-M/R0,,OD 72 x ID 60 x 6 THK,ST.STEEL,,,
SPUR GEAR MLS-02/F16 (INDICATOR),Stockable Product,SPUR GEAR,022-04-M/R0,,,EN8,,,
PINION SHAFT ø 50x293L - EN19,Stockable Product,PINION SHAFT,116-03-M/R0,,,EN19,,,
HEX BOLT M4x15L - C.S. Gr. 4.0,Stockable Product,HEX BOLT,,,M4x15L,C.S. Gr. 4.0,,,
SGB HOUSING MLS-05/F25,Stockable Product,SGB HOUSING,014-1-M/R0,,,C.I. IS:210 Gr. FG 220,,,
SGB COVER MLS-05/F25,Stockable Product,SGB COVER,015-01-M/R0,,,C.I. IS:210 Gr. FG 220,,,
SPUR GEAR MLS-05/F25,Stockable Product,SPUR GEAR,022-04-M/R0,,,EN8,,,
PINION SHAFT ø 40x150L - EN19,Stockable Product,PINION SHAFT,016-03-M/R0,,,EN19,,,
SGB COVER (E/O) MLS-05/F25,Stockable Product,SGB COVER,115-01-M/R0,,,C.I. IS:210 Gr. FG 220,,,
PINION SHAFT ø 40x241L - EN19,Stockable Product,PINION SHAFT,216-03-M/R0,,,EN19,,,
ALLEN BOLT M6x35L - C.S. Gr. 4.0,Stockable Product,ALLEN BOLT,,,M6x35L,C.S. Gr. 4.0,,,
SGB HOUSING MLS-06/F30,Stockable Product,SGB HOUSING,014-1-M/R0,,,C.I. IS:210 Gr. FG 220,,,
SGB COVER MLS-06/F30,Stockable Product,SGB COVER,015-01-M/R0,,,C.I. IS:210 Gr. FG 220,,,
SPUR GEAR MLS-06/F30,Stockable Product,SPUR GEAR,022-11-M/R0,,,S.G.I. IS1865 Gr. 500/7,,,
PINION SHAFT ø 60x181L - EN19,Stockable Product,PINION SHAFT,016-03-M/R0,,,EN19,,,
HARD WASHER OD 170 x ID 145 x 7 THK,Stockable Product,HARD WASHER,009-10-M/R0,,OD 170 x ID 145 x 7 THK,ST.STEEL,,,
O RING ID 145mm x 4mm,Stockable Product,O RING,,,ID 145mm x 4mm C/S,NITRILE RUBBER,,,
HEX BOLT M8x60L - C.S. Gr. 4.0,Stockable Product,HEX BOLT,,,M8x60L,C.S. Gr. 4.0,,,
SGB COVER MLS-06/F30,Stockable Product,SGB COVER,115-01-M/R0,,,C.I. IS:210 Gr. FG 220,,,
PINION SHAFT ø 60x260L - EN19,Stockable Product,PINION SHAFT,116-03-M/R0,,,EN19,,,
HARD WASHER OD 170 x ID 145 x 7 THK,Stockable Product,HARD WASHER,009-10-M/R0,,,ST.STEEL,,,
ALLEN BOLT M8x45L - C.S. Gr. 4.0,Stockable Product,ALLEN BOLT,,,M8x45L,C.S. Gr. 4.0,,,
SGB HOUSING ORS-05/F25,Stockable Product,SGB HOUSING,014-1-M/R0,,,C.I. IS:210 Gr. FG 220,,,
SGB COVER ORS-05/F25,Stockable Product,SGB COVER,015-01-M/R0,,,C.I. IS:210 Gr. FG 220,,,
SPUR GEAR ORS-05/F25,Stockable Product,SPUR GEAR,022-04-M/R0,,,EN8,,,
INTERMEDIATE GEAR ø 105x39L - EN8,Stockable Product,INTERMEDIATE GEAR,062-04-M/R0,,,EN8,,,
INTERMEDIATE SHAFT ø 55x85L - EN19,Stockable Product,INTERMEDIATE SHAFT,063-03-M/R0,,,EN19,,,
PINION SHAFT ø 45x223L - EN19,Stockable Product,PINION SHAFT,316-03-M/R0,,,EN19,,,
HARD WASHER OD 117 x ID 97 x 7 THK,Stockable Product,HARD WASHER,009-10-M/R0,,,ST.STEEL,,,
BUSH ø 45x35L,Stockable Product,BUSH,064-07-M/R0,,ø 45x35L,BRASS,,,
BUSH ø 30x30L,Stockable Product,BUSH,039-07-M/R0,,ø 30x30L,BRASS,,,
BUSH ø 45x24L,Stockable Product,BUSH,065-07-M/R0,,ø 45x24L,BRASS,,,
BUSH ø 30x24L,Stockable Product,BUSH,040-07-M/R0,,ø 30x24L,BRASS,,,
THRUST RACES AS 2035,Stockable Product,THRUST RACES,,,AS 2035,STANDARD,,,
THRUST RACES AS 3552,Stockable Product,THRUST RACES,,,AS 3552,STANDARD,,,
ALLEN BOLT M6x30L,Stockable Product,ALLEN BOLT,,,M6x30L,C.S. Gr. 4.0,,,
PARALLEL KEY 6x6x40,Stockable Product,PARALLEL KEY,,,6x6x40,C-40,,,
SGB HOUSING ORS-05/F30,Stockable Product,SGB HOUSING,014-1-M/R0,,,C.I. IS:210 Gr. FG 220,,,
SGB COVER ORS-05/F30,Stockable Product,SGB COVER,015-01-M/R0,,,C.I. IS:210 Gr. FG 220,,,
SPUR GEAR ORS-05/F30,Stockable Product,SPUR GEAR,022-04-M/R0,,,EN8,,,
INTERMEDIATE GEAR ø 105x57L - EN8,Stockable Product,INTERMEDIATE GEAR,062-04-M/R0,,,EN8,,,
INTERMEDIATE SHAFT ø 55x103L - EN19,Stockable Product,INTERMEDIATE SHAFT,063-03-M/R0,,,EN19,,,
PINION SHAFT ø 45x242L - EN19,Stockable Product,PINION SHAFT,316-03-M/R0,,,EN19,,,
HARD WASHER OD 145 x ID 120 x 6 THK,Stockable Product,HARD WASHER,009-10-M/R0,,,ST.STEEL,,,
O RING ID 120mm x 3mm,Stockable Product,O RING,,,ID 120mm x 3mm C/S,NITRILE RUBBER,,,
SGB HOUSING ORS-06/F30,Stockable Product,SGB HOUSING,014-1-M/R0,,,C.I. IS:210 Gr. FG 220,,,
SGB COVER ORS-06/F30,Stockable Product,SGB COVER,015-01-M/R0,,,C.I. IS:210 Gr. FG 220,,,
SPUR GEAR ORS-06/F30,Stockable Product,SPUR GEAR,022-11-M/R0,,,S.G.I. IS1865 Gr. 500/7,,,
INTERMEDIATE GEAR ø 135x105L - EN8,Stockable Product,INTERMEDIATE GEAR,062-04-M/R0,,,EN8,,,
PINION SHAFT ø 60x285L - EN19,Stockable Product,PINION SHAFT,016-03-M/R0,,,EN19,,,
HARD WASHER OD 175 x ID 150 x 8 THK,Stockable Product,HARD WASHER,009-10-M/R0,,,ST.STEEL,,,
NEEDLE ROLLER CAGE KT 14515326,Stockable Product,NEEDLE ROLLER CAGE,,,KT 14515326,STANDARD,,,
NEEDLE ROLLER CAGE KT 303620,Stockable Product,NEEDLE ROLLER CAGE,,,KT 303620,STANDARD,,,
NEEDLE ROLLER CAGE KT 404825,Stockable Product,NEEDLE ROLLER CAGE,,,KT 404825,STANDARD,,,
THRUST RACES AS 4060,Stockable Product,THRUST RACES,,,AS 4060,STANDARD,,,
O RING ID 145mm x 6mm,Stockable Product,O RING,,,ID 145mm x 6mm C/S,NITRILE RUBBER,,,
O RING ID 30mm x 3mm,Stockable Product,O RING,,,ID 30mm x 3mm C/S,NITRILE RUBBER,,,
HEX BOLT M8x30L - H.T. Gr. 8.8,Stockable Product,HEX BOLT,,,M8x30L,H.T. Gr. 8.8,,,
ALLEN BOLT M8x45L,Stockable Product,ALLEN BOLT,,,M8x45L,H.T. Gr. 10.9,,,
EYE BOLT M8x30L,Stockable Product,EYE BOLT,,,M8x30L,FORGED STEEL,,,
WGB HOUSING MLW-13/F16,Stockable Product,WGB HOUSING,042-01-M/R0,,,C.I. IS:210 Gr. FG 220,,,
WGB COVER MLW-13/F16,Stockable Product,WGB COVER,043-01-M/R0,,,C.I. IS:210 Gr. FG 220,,,
WORMWHEEL ø 125x108L - EN8,Stockable Product,WORMWHEEL,038-04-M/R0,,,EN8,,,
WORM ø 55x83L - EN19,Stockable Product,WORM,004-03-M/R0,,,EN19,,,
WORM SHAFT ø 30x220L - EN8,Stockable Product,WORM SHAFT,005-04-M/R0,,,EN8,,,
HANDWHEEL ø 600mm,Stockable Product,HANDWHEEL,011-01-M/R0,,ø 600mm,M.S. FABRICATED,,,
SPIRAL PIN ø 6x32,Stockable Product,SPIRAL PIN,,,ø 6x32,STANDARD,,,
BEARING AXK 2035+AS+AS,Stockable Product,BEARING,,,AXK 2035+AS+AS,STANDARD,,,
O RING ID 86mm x 3mm,Stockable Product,O RING,,,ID 86mm x 3mm C/S,NITRILE RUBBER,,,
ALLEN BOLT M10x25L,Stockable Product,ALLEN BOLT,,,M10x25L,H.T. Gr. 10.9,,,
ALLEN BOLT M10x30L,Stockable Product,ALLEN BOLT,,,M10x30L,H.T. Gr. 10.9,,,
HEX BOLT M8x15L - M.S,Stockable Product,HEX BOLT,,,M8x15L,M.S.,,,
WGB HOUSING MLW-13/F25,Stockable Product,WGB HOUSING,042-01-M/R0,,,C.I. IS:210 Gr. FG 220,,,
WGB COVER MLW-13/F25,Stockable Product,WGB COVER,043-01-M/R0,,,C.I. IS:210 Gr. FG 220,,,
WORM ø 55x79L - EN19,Stockable Product,WORM,004-03-M/R0,,,EN19,,,
WORM SHAFT ø 30x266L - EN8,Stockable Product,WORM SHAFT,005-04-M/R0,,,EN8,,,
BUSH ø 30x22L,Stockable Product,BUSH,008-07-M/R0,,ø 30x22L,BRASS,,,
WGB HOUSING MLW-60/F35,Stockable Product,WGB HOUSING,001-02-M/R0,,,S.G.I. IS1865 Gr. 500/7,,,
WGB COVER MLW-60/F35,Stockable Product,WGB COVER,002-02-M/R0,,,S.G.I. IS1865 Gr. 500/7,,,
WORMWHEEL MLW-60/F35,Stockable Product,WORMWHEEL,138-02-M/R0,003-02-C/R0,,S.G.I. IS1865 Gr. 600/3,,,
WORM ø 120x106L - EN19,Stockable Product,WORM,004-03-M/R0,,,EN19,,,
WORM SHAFT ø 50x492L - EN8,Stockable Product,WORM SHAFT,005-04-M/R0,,,EN8,,,
SPACER ø 75x17L,Stockable Product,SPACER,007-04-M/R0,,,EN8,,,
HANDWHEEL ø 1000mm,Stockable Product,HANDWHEEL,,011-01-C/R0,ø 1000mm,S.G.I. IS1865 Gr. 500/7,,,
"SPIRAL PIN ø 1/2""x80L",Stockable Product,SPIRAL PIN,,,"ø 1/2""x80L",STANDARD,,,
BEARING NTB 7095+GS+WS,Stockable Product,BEARING,,,NTB 7095+GS+WS,STANDARD,,,
BEARING KT 455320,Stockable Product,BEARING,,,KT 455320,STANDARD,,,
HEX BOLT M10x30L - M.S,Stockable Product,HEX BOLT,,,M10x30L,M.S.,,,
PARALLEL KEY 12x8x56,Stockable Product,PARALLEL KEY,,,12x8x56,C-40,,,
WASHER ID 9 x OD 45 x 1 THK,Stockable Product,WASHER,,,ID 9 x OD 45 x 1 THK,M.S.,,,
WGB HOUSING MLW-30/F30,Stockable Product,WGB HOUSING,001-02-M/R0,,,S.G.I. IS1865 Gr. 500/7,,,
WGB COVER MLW-30/F30,Stockable Product,WGB COVER,002-02-M/R0,,,S.G.I. IS1865 Gr. 500/7,,,
WORMWHEEL MLW-30/F30,Stockable Product,WORMWHEEL,038-02-M/R0,003-02-C/R0,,S.G.I. IS1865 Gr. 600/3,,,
WORM ø 95x83L - EN19,Stockable Product,WORM,004-03-M/R0,,,EN19,,,
WORM SHAFT ø 45x341L - EN8,Stockable Product,WORM SHAFT,005-04-M/R0,,,EN8,,,
SPACER ø 60x10L,Stockable Product,SPACER,007-04-M/R0,,,EN8,,,
HANDWHEEL ø 750mm,Stockable Product,HANDWHEEL,,011-01-C/R0,ø 750mm,S.G.I. IS1865 Gr. 500/7,,,
"SPIRAL PIN ø 1/2""x70L",Stockable Product,SPIRAL PIN,,,"ø 1/2""x70L",STANDARD,,,
BEARING NTB 6085+GS+WS,Stockable Product,BEARING,,,NTB 6085+GS+WS,STANDARD,,,
BEARING KT 404527,Stockable Product,BEARING,,,KT 404527,STANDARD,,,
HEX BOLT M8x30L - M.S,Stockable Product,HEX BOLT,,,M8x30L,M.S.,,,
WGB HOUSING MLW-15/F30,Stockable Product,WGB HOUSING,001-02-M/R0,,,S.G.I. IS1865 Gr. 500/7,,,
WGB COVER MLW-15/F30,Stockable Product,WGB COVER,002-02-M/R0,,,S.G.I. IS1865 Gr. 500/7,,,
WORMWHEEL MLW-15/F30,Stockable Product,WORMWHEEL,038-02-M/R0,003-02-C/R0,,S.G.I. IS1865 Gr. 600/3,,,
WGB HOUSING SLM-09/F12,Stockable Product,WGB HOUSING,101-01-M/R0,,,C.I. IS:210 Gr. FG 220,,,
WGB COVER SLM-09/F12,Stockable Product,WGB COVER,002-01-M/R0,,,C.I. IS:210 Gr. FG 220,,,
QUADRANT SLM-09/F12,Stockable Product,QUADRANT,103-02-M/R0,,,S.G.I. IS1865 Gr. 500/7,,,
WORM ø 30x57L - EN19,Stockable Product,WORM,004-03-M/R0,,,EN19,,,
WORM SHAFT ø 20x158L - EN8,Stockable Product,WORM SHAFT,005-04-M/R0,,,EN8,,,
SPIRAL PIN ø 5x20L,Stockable Product,SPIRAL PIN,,,ø 5x20L,STANDARD,,,
BEARING AXK 1528+AS+AS,Stockable Product,BEARING,,,AXK 1528+AS+AS,STANDARD,,,
O RING ID 50mm x 3mm,Stockable Product,O RING,,,ID 50mm x 3mm C/S,NITRILE RUBBER,,,
HEX BOLT M6x20L - H.T. Gr. 8.8,Stockable Product,HEX BOLT,,,M6x20L,H.T. Gr. 8.8,,,
HEX BOLT WITH NUT M8x40L,Stockable Product,HEX BOLT WITH NUT,,,M8x40L,H.T. Gr. 8.8,,,
BUSH ø 22x13L,Stockable Product,BUSH,008-07-M/R0,,,BRASS,,,
HANDWHEEL ø 300mm,Stockable Product,HANDWHEEL,011-09-F/R0,,ø 300mm,M.S. FABRICATED,,,
PARALLEL KEY 6x6x32,Stockable Product,PARALLEL KEY,,,6x6x32,C-40,,,
INDICATOR PLATE ø 48mm,Stockable Product,INDICATOR PLATE,,,ø 48mm,ALUMINIUM,,,
WASHER ID 9 x OD 25 x 1 THK,Stockable Product,WASHER,,,ID 9 x OD 25 x 1 THK,M.S.,,,
WGB HOUSING SLM-12/F10 EO,Stockable Product,WGB HOUSING,001-01-M/R0,,,C.I. IS:210 Gr. FG 220,,,
WGB COVER SLM-12/F10 EO,Stockable Product,WGB COVER,002-01-M/R0,,,C.I. IS:210 Gr. FG 220,,,
QUADRANT SLM-12/F10 EO,Stockable Product,QUADRANT,003-02-M/R0,,,S.G.I. IS1865 Gr. 500/7,,,
WORM ø 40x57L - EN19,Stockable Product,WORM,004-03-M/R0,,,EN19,,,
WORM SHAFT ø 25x245L - EN8,Stockable Product,WORM SHAFT,005-04-M/R0,,,EN8,,,
SPACER ø 40x10L,Stockable Product,SPACER,007-13-M/R0,,,EN8,,,
BUSH ø 32x14L,Stockable Product,BUSH,008-07-M/R0,,ø 32x14L,BRASS,,,
SPIRAL PIN ø 5x27L,Stockable Product,SPIRAL PIN,,,ø 5x27L,STANDARD,,,
PARALLEL KEY 6x6x20,Stockable Product,PARALLEL KEY,,,6x6x20,C-40,,,
INDICATOR PLATE ø 45mm,Stockable Product,INDICATOR PLATE,,,ø 45mm,ALUMINIUM,,,
WGB HOUSING SLM-14/F12,Stockable Product,WGB HOUSING,001-01-M/R0,,,C.I. IS:210 Gr. FG 220,,,
QUADRANT SLM-14/F12,Stockable Product,QUADRANT,003-02-M/R0,,,S.G.I. IS1865 Gr. 500/7,,,
WORM SHAFT ø 20x218L - EN8,Stockable Product,WORM SHAFT,005-04-M/R0,,,EN8,,,
SPIRAL PIN ø 5x25L,Stockable Product,SPIRAL PIN,,,ø 5x25L,STANDARD,,,
HEX BOLT WITH NUT M10x50L,Stockable Product,HEX BOLT WITH NUT,,,M10x50L,H.T. Gr. 8.8,,,
BUSH ø 30x13L,Stockable Product,BUSH,008-07-M/R0,,,BRASS,,,
INDICATOR PLATE ø 58mm,Stockable Product,INDICATOR PLATE,,,ø 58mm,ALUMINIUM,,,
INDICATOR PLATE ø 50 mm,Stockable Product,INDICATOR PLATE,,,ø 50 mm,ALUMINIUM,,,
WGB HOUSING SLM-14/F12,Stockable Product,WGB HOUSING,301-01-M/R0,,,C.I. IS:210 Gr. FG 220,,,
WGB COVER SLM-14/F12,Stockable Product,WGB COVER,002-01-M/R0,,,C.I. IS:210 Gr. FG 220,,,
WORM SHAFT ø 20x258L - EN8,Stockable Product,WORM SHAFT,305-04-M/R0,,,EN8,,,
WGB HOUSING SLM-27/F14,Stockable Product,WGB HOUSING,001-01-M/R0,,,C.I. IS:210 Gr. FG 220,,,
WGB COVER SLM-27/F14,Stockable Product,WGB COVER,002-01-M/R0,,,C.I. IS:210 Gr. FG 220,,,
QUADRANT SLM-27/F14,Stockable Product,QUADRANT,003-02-M/R0,,,S.G.I. IS1865 Gr. 500/7,,,
WORM ø 55x83L - EN19,Stockable Product,WORM,004-03-M/R0,,,EN19,,,
WORM SHAFT ø 25x300L - EN8,Stockable Product,WORM SHAFT,705-04-M/R0,,,EN8,,,
SPACER ø 45x10L,Stockable Product,SPACER,007-04-M/R0,,,EN8,,,
SPIRAL PIN ø 8x40L,Stockable Product,SPIRAL PIN,,,ø 8x40L,STANDARD,,,
BEARING AXK 2542+AS+AS,Stockable Product,BEARING,,,AXK 2542+AS+AS,STANDARD,,,
HEX BOLT M8x25L - H.T. Gr. 8.8,Stockable Product,HEX BOLT,,,M8x25L,H.T. Gr. 8.8,,,
HEX BOLT WITH NUT M14x70L,Stockable Product,HEX BOLT WITH NUT,,,M14x70L,H.T. Gr. 8.8,,,
WGB HOUSING SLM-27/F14,Stockable Product,WGB HOUSING,401-01-M/R0,,,C.I. IS:210 Gr. FG 220,,,
WORM SHAFT ø 25x303L - EN8,Stockable Product,WORM SHAFT,405-04-M/R0,,,EN8,,,
WGB HOUSING SLM-27/F12,Stockable Product,WGB HOUSING,301-01-M/R0,,,C.I. IS:210 Gr. FG 220,,,
QUADRANT SLM-27/F12,Stockable Product,QUADRANT,003-02-M/R0,,,S.G.I. IS1865 Gr. 500/7,,,
WGB HOUSING SLM-27/F12,Stockable Product,WGB HOUSING,501-01-M/R0,,,C.I. IS:210 Gr. FG 220,,,
WGB COVER SLM-27/F12,Stockable Product,WGB COVER,002-01-M/R0,,,C.I. IS:210 Gr. FG 220,,,
WORM ø 55x83L - EN19,Stockable Product,WORM,004-03-M/R0,,,EN19,,,
WGB HOUSING SLM-37/F14,Stockable Product,WGB HOUSING,001-01-M/R0,,,C.I. IS:210 Gr. FG 220,,,
WGB COVER SLM-37/F14,Stockable Product,WGB COVER,002-01-M/R0,,,C.I. IS:210 Gr. FG 220,,,
QUADRANT SLM-37/F14,Stockable Product,QUADRANT,103-02-M/R0,,,S.G.I. IS1865 Gr. 500/7,,,
WORM ø 60x83L - EN19,Stockable Product,WORM,104-03-M/R0,,,EN19,,,
WORM SHAFT ø 32x305L - EN8,Stockable Product,WORM SHAFT,405-04-M/R0,,,EN8,,,
SPACER ø 60x13L,Stockable Product,SPACER,007-04-M/R0,,,EN8,,,
BUSH ø 40x21L,Stockable Product,BUSH,008-07-M/R0,,ø 40x21L,BRASS,,,
WGB HOUSING SLM-37/F14,Stockable Product,WGB HOUSING,401-01-M/R0,,,C.I. IS:210 Gr. FG 220,,,
WORM SHAFT ø 32x308L - EN8,Stockable Product,WORM SHAFT,805-04-M/R0,,,EN8,,,
WGB HOUSING SLM-37A/F14,Stockable Product,WGB HOUSING,701-01-M/R0,,,C.I. IS:210 Gr. FG 220,,,
WGB COVER SLM-37A/F14,Stockable Product,WGB COVER,002-01-M/R0,,,C.I. IS:210 Gr. FG 220,,,
QUADRANT SLM-37A/F14,Stockable Product,QUADRANT,003-02-M/R0,,,S.G.I. IS1865 Gr. 500/7,,,
WORM ø 60x83L - EN19,Stockable Product,WORM,004-03-M/R0,,,EN19,,,
WORM SHAFT ø 32x224L - EN8,Stockable Product,WORM SHAFT,205-04-M/R0,,,EN8,,,
SGB HOUSING MX-02,Stockable Product,SGB HOUSING,214-01-M/R0,,,C.I. IS:210 Gr. FG 220,,,
SPUR GEAR MX-02,Stockable Product,SPUR GEAR,122-04-M/R0,,,EN8,,,
PINION SHAFT ø 50x134L - EN19,Stockable Product,PINION SHAFT,016-03-M/R0,,,EN19,,,
BUSH ø 40x21L,Stockable Product,BUSH,025-07-M/R0,,,BRASS,,,
BUSH ø 35x23L,Stockable Product,BUSH,040-07-M/R0,,ø 35x23L,BRASS,,,
ALLEN BOLT M8x20L,Stockable Product,ALLEN BOLT,,,M8x20L,H.T. Gr. 10.9,,,
BUSH ø 40x21L,Stockable Product,BUSH,025-07-M/R0,,,BRASS,,,
WGB HOUSING SLM-37/F16,Stockable Product,WGB HOUSING,101-01-M/R0,,,C.I. IS:210 Gr. FG 220,,,
WGB COVER SLM-37/F16,Stockable Product,WGB COVER,102-01-M/R0,,,C.I. IS:210 Gr. FG 220,,,
QUADRANT SLM-37/F16,Stockable Product,QUADRANT,303-02-M/R0,,,S.G.I. IS1865 Gr. 500/7,,,
WGB HOUSING SLM-37/F16,Stockable Product,WGB HOUSING,601-01-M/R0,,,C.I. IS:210 Gr. FG 220,,,
WORM SHAFT ø 32x320L - EN8,Stockable Product,WORM SHAFT,A05-04-M/R0,,,EN8,,,
WGB HOUSING SLM-37A/F16,Stockable Product,WGB HOUSING,301-01-M/R0,,,C.I. IS:210 Gr. FG 220,,,
WGB COVER SLM-37A/F16,Stockable Product,WGB COVER,002-01-M/R0,,,C.I. IS:210 Gr. FG 220,,,
QUADRANT SLM-37A/F16,Stockable Product,QUADRANT,203-02-M/R0,,,S.G.I. IS1865 Gr. 500/7,,,
BUSH ø 40x21L,Stockable Product,BUSH,025-07-M/R0,,,BRASS,,,
SGB COVER MX-02,Stockable Product,SGB COVER,115-01-M/R0,,,C.I. IS:210 Gr. FG 220,,,
PINION SHAFT ø 50x209L - EN19,Stockable Product,PINION SHAFT,216-03-M/R0,,,EN19,,,
BUSH ø 40x21L,Stockable Product,BUSH,025-07-M/R0,,,BRASS,,,
O RING ID 77mm x 2mm,Stockable Product,O RING,,,ID 77mm x 2mm C/S,NITRILE RUBBER,,,
INDICATOR PLATE ø 75mm,Stockable Product,INDICATOR PLATE,,,ø 75mm,ALUMINIUM,,,
WGB HOUSING SLM-53/F16,Stockable Product,WGB HOUSING,001-01-M/R0,,,C.I. IS:210 Gr. FG 220,,,
WGB COVER SLM-53/F16,Stockable Product,WGB COVER,002-01-M/R0,,,C.I. IS:210 Gr. FG 220,,,
QUADRANT SLM-53/F16,Stockable Product,QUADRANT,003-02-M/R0,,,S.G.I. IS1865 Gr. 500/7,,,
WORM SHAFT ø 32x258L - EN8,Stockable Product,WORM SHAFT,005-04-M/R0,,,EN8,,,
SGB HOUSING SM-03,Stockable Product,SGB HOUSING,014-01-M/R0,,,C.I. IS:210 Gr. FG 220,,,
SGB COVER SM-03,Stockable Product,SGB COVER,015-01-M/R0,,,C.I. IS:210 Gr. FG 220,,,
SPUR GEAR SM-03,Stockable Product,SPUR GEAR,022-04-M/R0,,,EN8,,,
HANDWHEEL ø 550mm,Stockable Product,HANDWHEEL,011-09-F/R0,,ø 550mm,M.S. FABRICATED,,,
BUSH ø 35x37L,Stockable Product,BUSH,040-07-M/R0,,ø 35x37L,BRASS,,,
BEARING AXK 4060+GS+WS,Stockable Product,BEARING,,,AXK 4060+GS+WS,STANDARD,,,
O RING ID 102mm x 2mm,Stockable Product,O RING,,,ID 102mm x 2mm C/S,NITRILE RUBBER,,,
HEX BOLT M8x35L - H.T. Gr. 8.8,Stockable Product,HEX BOLT,,,M8x35L,H.T. Gr. 8.8,,,
HEX BOLT M10x30L - H.T. Gr. 8.8,Stockable Product,HEX BOLT,,,M10x30L,H.T. Gr. 8.8,,,
HEX BOLT M8x50L - H.T. Gr. 8.8,Stockable Product,HEX BOLT,,,M8x50L,H.T. Gr. 8.8,,,
INDICATOR PLATE ø 100mm,Stockable Product,INDICATOR PLATE,,,ø 100mm,ALUMINIUM,,,
SPACER ø 45x12L,Stockable Product,SPACER,107-04-M/R0,,,EN8,,,
SGB HOUSING SM-03,Stockable Product,SGB HOUSING,314-01-M/R0,,,C.I. IS:210 Gr. FG 220,,,
SGB COVER SM-03,Stockable Product,SGB COVER,115-01-M/R0,,,C.I. IS:210 Gr. FG 220,,,
PINION SHAFT ø 50x232L - EN19,Stockable Product,PINION SHAFT,116-03-M/R0,,,EN19,,,
BUSH ø 40x18L,Stockable Product,BUSH,025-07-M/R0,,ø 40x18L,BRASS,,,
HEX BOLT M10x35L - H.T. Gr. 8.8,Stockable Product,HEX BOLT,,,M10x35L,H.T. Gr. 8.8,,,
ALLEN BOLT M8x35L - H.T. Gr. 8.8,Stockable Product,ALLEN BOLT,,,M8x35L,H.T. Gr. 8.8,,,
WGB HOUSING SLM-66/F16,Stockable Product,WGB HOUSING,001-01-M/R0,,,C.I. IS:210 Gr. FG 220,,,
WGB COVER SLM-66/F16,Stockable Product,WGB COVER,002-01-M/R0,,,C.I. IS:210 Gr. FG 220,,,
QUADRANT SLM-66/F16,Stockable Product,QUADRANT,003-02-M/R0,,,S.G.I. IS1865 Gr. 500/7,,,
WORM ø 70x75L - EN19,Stockable Product,WORM,004-03-M/R0,,,EN19,,,
WORM SHAFT ø 32x275L - EN8,Stockable Product,WORM SHAFT,005-04-M/R0,,,EN8,,,
COLLAR ø 65x21L,Stockable Product,COLLAR,106-04-M/R0,,ø 65x21L,EN8,,,
SGB HOUSING SM-05,Stockable Product,SGB HOUSING,314-01-M/R0,,,C.I. IS:210 Gr. FG 220,,,
SGB COVER SM-05,Stockable Product,SGB COVER,015-01-M/R0,,,C.I. IS:210 Gr. FG 220,,,
PINION SHAFT ø 40x151L - EN19,Stockable Product,PINION SHAFT,016-03-M/R0,,,EN19,,,
O RING ID 105mm x 3mm,Stockable Product,O RING,,,ID 105mm x 3mm C/S,NITRILE RUBBER,,,
SGB HOUSING SM-05,Stockable Product,SGB HOUSING,414-01-M/R0,,,C.I. IS:210 Gr. FG 220,,,
SGB COVER SM-05,Stockable Product,SGB COVER,115-01-M/R0,,,C.I. IS:210 Gr. FG 220,,,
SPUR GEAR SM-05,Stockable Product,SPUR GEAR,022-04-M/R0,,,EN8,,,
PINION SHAFT ø 40x232L - EN19,Stockable Product,PINION SHAFT,316-03-M/R0,,,EN19,,,
WGB HOUSING SLM-66/F25,Stockable Product,WGB HOUSING,101-01-M/R0,,,C.I. IS:210 Gr. FG 220,,,
WGB COVER SLM-66/F25,Stockable Product,WGB COVER,002-01-M/R0,,,C.I. IS:210 Gr. FG 220,,,
QUADRANT SLM-66/F25,Stockable Product,QUADRANT,003-02-M/R0,,,S.G.I. IS1865 Gr. 500/7,,,
WORM SHAFT ø 32x305L - EN8,Stockable Product,WORM SHAFT,105-04-M/R0,,,EN8,,,
BUSH ø 35x33L,Stockable Product,BUSH,140-07-M/R0,,,BRASS,,,
PARALLEL KEY 8x7x28,Stockable Product,PARALLEL KEY,,,8x7x28,C-40,,,
WGB HOUSING SLT-115/F25,Stockable Product,WGB HOUSING,001-01-M/R0,,,C.I. IS:210 Gr. FG 220,,,
WGB COVER SLT-115/F25,Stockable Product,WGB COVER,002-01-M/R0,,,C.I. IS:210 Gr. FG 220,,,
QUADRANT SLT-115/F25,Stockable Product,QUADRANT,003-02-M/R0,,,S.G.I. IS1865 Gr. 500/7,,,
WORM ø 75x73L - EN19,Stockable Product,WORM,004-03-M/R0,,,EN19,,,
WORM SHAFT ø 40x323L - EN8,Stockable Product,WORM SHAFT,005-04-M/R0,,,EN8,,,
COLLAR ø 70x47L,Stockable Product,COLLAR,106-04-M/R0,,ø 70x47L,EN8,,,
SGB HOUSING SM-05,Stockable Product,SGB HOUSING,014-01-M/R0,,,C.I. IS:210 Gr. FG 220,,,
BUSH ø 45x33L,Stockable Product,BUSH,008-07-M/R0,,ø 45x33L,BRASS,,,
BUSH ø 45x18L,Stockable Product,BUSH,025-07-M/R0,,ø 45x18L,BRASS,,,
SPIRAL PIN ø 8x55L,Stockable Product,SPIRAL PIN,,,ø 8x55L,STANDARD,,,
BEARING AXK 4565+GS+WS,Stockable Product,BEARING,,,AXK 4565+GS+WS,STANDARD,,,
O RING ID 140mm x 3mm,Stockable Product,O RING,,,ID 140mm x 3mm C/S,NITRILE RUBBER,,,
CIRCLIP ø 35mm,Stockable Product,CIRCLIP,,,ø 35mm,STANDARD,,,
HEX BOLT WITH NUT M14x100L,Stockable Product,HEX BOLT WITH NUT,,,M14x100L,H.T. Gr. 8.8,,,
PARALLEL KEY 10x8x28,Stockable Product,PARALLEL KEY,,,10x8x28,C-40,,,
INDICATOR PLATE ø 135mm,Stockable Product,INDICATOR PLATE,,,ø 135mm,ALUMINIUM,,,
WGB HOUSING SLT-125/F25,Stockable Product,WGB HOUSING,001-01-M/R0,,,C.I. IS:210 Gr. FG 220,,,
WGB COVER SLT-125/F25,Stockable Product,WGB COVER,002-01-M/R0,,,C.I. IS:210 Gr. FG 220,,,
QUADRANT SLT-125/F25,Stockable Product,QUADRANT,003-02-M/R0,,,S.G.I. IS1865 Gr. 500/7,,,
WORM SHAFT ø 45x342L - EN8,Stockable Product,WORM SHAFT,005-04-M/R0,,,EN8,,,
SPACER ø 65x15L,Stockable Product,SPACER,007-04-M/R0,,,EN8,,,
SGB HOUSING DC-09,Stockable Product,SGB HOUSING,114-01-M/R0,,,C.I. IS:210 Gr. FG 220,,,
SPUR GEAR-I DC-09,Stockable Product,SPUR GEAR,023-04-M/R0,,,EN8,,,
SPUR GEAR-II DC-09,Stockable Product,SPUR GEAR,A24-04-M/R0,,,EN8,,,
PINION SHAFT ø 55x163L - EN19,Stockable Product,PINION SHAFT,217-03-M/R0,,,EN19,,,
PINION SHAFT ø 55x143L - EN19,Stockable Product,PINION SHAFT,018-03-M/R0,,,EN19,,,
BUSH ø 50x23L,Stockable Product,BUSH,125-07-M/R0,,ø 50x23L,BRASS,,,
BUSH ø 40x27L,Stockable Product,BUSH,027-07-M/R0,,ø 40x27L,BRASS,,,
BUSH ø 40x24L,Stockable Product,BUSH,029-07-M/R0,,ø 40x24L,BRASS,,,
BUSH ø 35x27L,Stockable Product,BUSH,028-07-M/R0,,ø 35x27L,BRASS,,,
BEARING AXK 6085+GS+WS,Stockable Product,BEARING,,,AXK 6085+GS+WS,STANDARD,,,
NEEDLE ROLLER CAGE KT 404527,Stockable Product,NEEDLE ROLLER CAGE,,,KT 404527,STANDARD,,,
CIRCLIP ø 38mm,Stockable Product,CIRCLIP,,,ø 38mm,STANDARD,,,
GRUB SCREW M16x12L,Stockable Product,GRUB SCREW,,,M16x12L,M.S.,,,
EYE BOLT M16x45L,Stockable Product,EYE BOLT,,,M16x45L,FORGED STEEL,,,
ALLEN BOLT M12x45L,Stockable Product,ALLEN BOLT,,,M12x45L,H.T. Gr. 10.9,,,
PARALLEL KEY 10x8x40,Stockable Product,PARALLEL KEY,,,10x8x40,C-40,,,
PARALLEL KEY 8x7x25,Stockable Product,PARALLEL KEY,,,8x7x25,C-40,,,
INDICATOR PLATE ø 140mm,Stockable Product,INDICATOR PLATE,,,ø 140mm,ALUMINIUM,,,
SGB COVER DC-09,Stockable Product,SGB COVER,115-01-M/R0,,,C.I. IS:210 Gr. FG 220,,,
PINION SHAFT ø 55x213L - EN19,Stockable Product,PINION SHAFT,817-03-M/R0,,,EN19,,,
CIRCLIP ø 38mm,Stockable Product,CIRCLIP,,,ø 38mm,STANDARD,,,
WGB HOUSING SLT-165/F30,Stockable Product,WGB HOUSING,001-01-M/R0,,,C.I. IS:210 Gr. FG 220,,,
WGB COVER SLT-165/F30,Stockable Product,WGB COVER,002-01-M/R0,,,C.I. IS:210 Gr. FG 220,,,
QUADRANT SLT-165/F30,Stockable Product,QUADRANT,003-02-M/R0,,,S.G.I. IS1865 Gr. 500/7,,,
COLLAR ø 90x19L,Stockable Product,COLLAR,106-04-M/R0,,ø 90x19L,EN8,,,
SGB HOUSING ST-05,Stockable Product,SGB HOUSING,014-01-M/R0,,,C.I. IS:210 Gr. FG 220,,,
SGB COVER ST-05,Stockable Product,SGB COVER,015-01-M/R0,,,C.I. IS:210 Gr. FG 220,,,
SGB HOUSING MX-02,Stockable Product,SGB HOUSING,014-01-M/R0,,,C.I. IS:210 Gr. FG 220,,,
SPUR GEAR ST-05,Stockable Product,SPUR GEAR,022-04-M/R0,,,EN8,,,
SPUR GEAR MX-02,Stockable Product,SPUR GEAR,022-04-M/R0,,,EN8,,,
PINION SHAFT ø 45x163L - EN19,Stockable Product,PINION SHAFT,616-03-M'/R0,,,EN19,,,
PINION SHAFT ø 50x135L - EN19,Stockable Product,PINION SHAFT,016-03-M/R0,,,EN19,,,
BUSH ø 35x33L,Stockable Product,BUSH,040-07-M/R0,,ø 35x33L,BRASS,,,
O RING ID 160mm x 4mm,Stockable Product,O RING,,,ID 160mm x 4mm C/S,NITRILE RUBBER,,,
CIRCLIP ø 40mm,Stockable Product,CIRCLIP,,,ø 40mm,STANDARD,,,
HEX BOLT M10x25L - H.T. Gr. 8.8,Stockable Product,HEX BOLT,,,M10x25L,H.T. Gr. 8.8,,,
HEX BOLT M6x25L - H.T. Gr. 8.8,Stockable Product,HEX BOLT,,,M6x25L,H.T. Gr. 8.8,,,
HEX BOLT M16x40L - H.T. Gr. 8.8,Stockable Product,HEX BOLT,,,M16x40L,H.T. Gr. 8.8,,,
HEX BOLT WITH NUT M16x125L,Stockable Product,HEX BOLT WITH NUT,,,M16x125L,H.T. Gr. 8.8,,,
PARALLEL KEY 12x8x32,Stockable Product,PARALLEL KEY,,,12x8x32,C-40,,,
INDICATOR PLATE ø 155mm,Stockable Product,INDICATOR PLATE,,,ø 155mm,ALUMINIUM,,,
BUSH ø 35x19L,Stockable Product,BUSH,140-07-M/R0,,ø 35x19L,BRASS,,,
HEX BOLT WITH NUT M16x125L,Stockable Product,HEX BOLT WITH NUT,,,M16x125L,H.T. Gr. 8.8,,,
WGB HOUSING SLT-200/F30,Stockable Product,WGB HOUSING,001-01-M/R0,,,S.G.I. IS1865 Gr. 500/7,,,
WGB COVER SLT-200/F30,Stockable Product,WGB COVER,002-01-M/R0,,,S.G.I. IS1865 Gr. 500/7,,,
QUADRANT SLT-200/F30,Stockable Product,QUADRANT,003-02-M/R0,,,S.G.I. IS1865 Gr. 500/7,,,
WORM ø 110x103L - EN19,Stockable Product,WORM,004-03-M/R0,,,EN19,,,
WORM SHAFT ø 50x384L - EN8,Stockable Product,WORM SHAFT,005-04-M/R0,,,EN8,,,
SGB HOUSING DC-09,Stockable Product,SGB HOUSING,014-01-M/R0,,,C.I. IS:210 Gr. FG 220,,,
SPUR GEAR-I  DC-09,Stockable Product,SPUR GEAR,023-04-M/R0,,,EN8,,,
SPUR GEAR-II  DC-09,Stockable Product,SPUR GEAR,024-04-M/R0,,,EN8,,,
PINION SHAFT ø 55x144L - EN19,Stockable Product,PINION SHAFT,617-03-M'/R0,,,EN19,,,
BUSH ø 55x23L,Stockable Product,BUSH,025-07-M/R0,,,BRASS,,,
BEARING AXK 7095+GS+WS,Stockable Product,BEARING,,,AXK 7095+GS+WS,STANDARD,,,
NEEDLE ROLLER CAGE KT 455320,Stockable Product,NEEDLE ROLLER CAGE,,,KT 455320,STANDARD,,,
CIRCLIP ø 42mm,Stockable Product,CIRCLIP,,,ø 42mm,STANDARD,,,
ALLEN BOLT M20x50L,Stockable Product,ALLEN BOLT,,,M20x50L,H.T. Gr. 10.9,,,
ALLEN BOLT M8x25L,Stockable Product,ALLEN BOLT,,,M8x25L,H.T. Gr. 10.9,,,
HEX BOLT WITH NUT M20x125L,Stockable Product,HEX BOLT WITH NUT,,,M20x125L,H.T. Gr. 8.8,,,
PARALLEL KEY 12x8x40,Stockable Product,PARALLEL KEY,,,12x8x40,C-40,,,
BUSH ø 55x23L,Stockable Product,BUSH,025-07-M/R0,,,BRASS,,,
WGB HOUSING SLT-250/F35,Stockable Product,WGB HOUSING,001-01-M/R0,,,S.G.I. IS1865 Gr. 500/7,,,
WGB COVER SLT-250/F35,Stockable Product,WGB COVER,002-01-M/R0,,,S.G.I. IS1865 Gr. 500/7,,,
QUADRANT SLT-250/F35,Stockable Product,QUADRANT,003-02-M/R0,,,S.G.I. IS1865 Gr. 500/7,,,
WORM ø 115x103L - EN19,Stockable Product,WORM,004-03-M/R0,,,EN19,,,
WORM SHAFT ø 50x413L - EN8,Stockable Product,WORM SHAFT,005-04-M/R0,,,EN8,,,
SGB COVER MX-02,Stockable Product,SGB COVER,015-01-M/R0,,,C.I. IS:210 Gr. FG 220,,,
BUSH ø 55x23L,Stockable Product,BUSH,025-07-M/R0,,,BRASS,,,
O RING ID 180mm x 4mm,Stockable Product,O RING,,,ID 180mm x 4mm C/S,NITRILE RUBBER,,,
INDICATOR PLATE ø 175mm,Stockable Product,INDICATOR PLATE,,,ø 175mm,ALUMINIUM,,,
BUSH ø 55x23L,Stockable Product,BUSH,025-07-M/R0,,,BRASS,,,
NEEDLE ROLLER CAGE KT 253017,Stockable Product,NEEDLE ROLLER CAGE,,,KT 253017,STANDARD,,,
WGB HOUSING SLT-350/F35,Stockable Product,WGB HOUSING,001-01-M/R0,,,S.G.I. IS1865 Gr. 500/7,,,
WGB COVER SLT-350/F35,Stockable Product,WGB COVER,002-01-M/R0,,,S.G.I. IS1865 Gr. 500/7,,,
QUADRANT SLT-350/F35,Stockable Product,QUADRANT,003-02-M/R0,,,S.G.I. IS1865 Gr. 500/7,,,
WORM ø 140x225L - EN19,Stockable Product,WORM,004-03-M/R0,,,EN19,,,
WORM SHAFT ø 60x480L - EN8,Stockable Product,WORM SHAFT,005-04-M/R0,,,EN8,,,
SPACER ø 85x18L,Stockable Product,SPACER,007-04-M/R0,,,EN8,,,
SGB HOUSING DT-09,Stockable Product,SGB HOUSING,014-01-M/R0,,,C.I. IS:210 Gr. FG 220,,,
SGB COVER DT-09,Stockable Product,SGB COVER,015-01-M/R0,,,C.I. IS:210 Gr. FG 220,,,
SPUR GEAR-I  DT-09,Stockable Product,SPUR GEAR,023-04-M/R0,,,EN8,,,
SPUR GEAR-II  DT-09,Stockable Product,SPUR GEAR,024-04-M/R0,,,EN8,,,
SPUR GEAR  SM-03,Stockable Product,SPUR GEAR,022-04-M/R0,,,EN8,,,
PINION SHAFT ø 60x161L - EN19,Stockable Product,PINION SHAFT,017-03-M'/R0,,,EN19,,,
PINION SHAFT ø 75x141L - EN19,Stockable Product,PINION SHAFT,018-03-M/R0,,,EN19,,,
PINION SHAFT ø 50x151L - EN19,Stockable Product,PINION SHAFT,016-03-M/R0,,,EN19,,,
BUSH ø 40x28L,Stockable Product,BUSH,028-07-M/R0,,ø 40x28L,BRASS,,,
BEARING AXK 80105+GS+WS,Stockable Product,BEARING,,,AXK 80105+GS+WS,STANDARD,,,
NEEDLE ROLLER CAGE KT 556020,Stockable Product,NEEDLE ROLLER CAGE,,,KT 556020,STANDARD,,,
THRUST RACES AS 4565,Stockable Product,THRUST RACES,,,AS 4565,STANDARD,,,
O RING ID 220mm x 4mm,Stockable Product,O RING,,,ID 220mm x 4mm C/S,NITRILE RUBBER,,,
CIRCLIP ø 55mm,Stockable Product,CIRCLIP,,,ø 55mm,STANDARD,,,
HEX BOLT M12x40L - H.T. Gr. 8.8,Stockable Product,HEX BOLT,,,M12x40L,H.T. Gr. 8.8,,,
EYE BOLT M16x25L,Stockable Product,EYE BOLT,,,M16x25L,FORGED STEEL,,,
ALLEN BOLT M20x45L,Stockable Product,ALLEN BOLT,,,M20x45L,H.T. Gr. 10.9,,,
PARALLEL KEY 16x10x45,Stockable Product,PARALLEL KEY,,,16x10x45,C-40,,,
INDICATOR PLATE ø 215mm,Stockable Product,INDICATOR PLATE,,,ø 215mm,ALUMINIUM,,,
BUSH ø 55x28L,Stockable Product,BUSH,027-07-M/R0,,ø 55x28L,BRASS,,,
EYE BOLT M16x25L,Stockable Product,EYE BOLT,,,M16x25L,FORGED STEEL,,,
WGB HOUSING SLT-460/F35,Stockable Product,WGB HOUSING,001-01-M/R0,,,S.G.I. IS1865 Gr. 500/7,,,
WGB COVER SLT-460/F35,Stockable Product,WGB COVER,002-01-M/R0,,,S.G.I. IS1865 Gr. 500/7,,,
QUADRANT SLT-460/F35,Stockable Product,QUADRANT,003-02-M/R0,,,S.G.I. IS1865 Gr. 500/7,,,
SGB HOUSING SM-05,Stockable Product,SGB HOUSING,114-01-M/R0,,,C.I. IS:210 Gr. FG 220,,,
SPUR GEAR  SM-05,Stockable Product,SPUR GEAR,022-04-M/R0,,,EN8,,,
BUSH ø 65x28L,Stockable Product,BUSH,025-07-M/R0,,ø 65x28L,BRASS,,,
EYE BOLT M16x25L,Stockable Product,EYE BOLT,,,M16x25L,FORGED STEEL,,,
EYE BOLT M16x25L,Stockable Product,EYE BOLT,,,M16x25L,FORGED STEEL,,,
WGB HOUSING SLS-06/F40,Stockable Product,WGB HOUSING,001-01-M/R0,,,S.G.I. IS1865 Gr. 500/7,,,
WGB COVER SLS-06/F40,Stockable Product,WGB COVER,002-01-M/R0,,,S.G.I. IS1865 Gr. 500/7,,,
QUADRANT SLS-06/F40,Stockable Product,QUADRANT,003-02-M/R0,,,S.G.I. IS1865 Gr. 500/7,,,
WORM SHAFT ø 60x538L - EN8,Stockable Product,WORM SHAFT,005-04-M/R0,,,EN8,,,
SGB HOUSING DT-09,Stockable Product,SGB HOUSING,114-01-M/R0,,,C.I. IS:210 Gr. FG 220,,,
BUSH ø 70x28L,Stockable Product,BUSH,025-07-M/R0,,ø 70x28L,BRASS,,,
"SPIRAL PIN ø 1/2""x85L",Stockable Product,SPIRAL PIN,,,"ø 1/2""x85L",STANDARD,,,
CIRCLIP ø 58mm,Stockable Product,CIRCLIP,,,ø 58mm,STANDARD,,,
EYE BOLT M16x25L,Stockable Product,EYE BOLT,,,M16x25L,FORGED STEEL,,,
HEX BOLT WITH NUT M30x140L,Stockable Product,HEX BOLT WITH NUT,,,M30x140L,H.T. Gr. 8.8,,,
COLLAR ø 110x32L - EN8,Stockable Product,COLLAR,006-04-M/R0,,ø 110x32L ,EN8,,,
NEEDLE ROLLER CAGE KT 586420,Stockable Product,NEEDLE ROLLER CAGE,,,KT 586420,STANDARD,,,
EYE BOLT M16x25L,Stockable Product,EYE BOLT,,,M16x25L,FORGED STEEL,,,
PARALLEL KEY 14x9x36,Stockable Product,PARALLEL KEY,,,14x9x36,C-40,,,
GUN METAL ROD ø 22x13L,Stockable Product,BUSH,,,ø 22x13L,BRASS,22,13,
GUN METAL ROD ø 30x13L,Stockable Product,BUSH,,,ø 30x13L,BRASS,30,13,
GUN METAL ROD ø 30x22L,Stockable Product,BUSH,,,ø 30x22L,BRASS,30,22,
GUN METAL ROD ø 30x24L,Stockable Product,BUSH,,,ø 30x24L,BRASS,30,24,
GUN METAL ROD ø 30x30L,Stockable Product,BUSH,,,ø 30x30L,BRASS,30,30,
GUN METAL ROD ø 32x14L,Stockable Product,BUSH,,,ø 32x14L,BRASS,32,14,
GUN METAL ROD ø 35x19L,Stockable Product,BUSH,,,ø 35x19L,BRASS,35,19,
GUN METAL ROD ø 35x21L,Stockable Product,BUSH,,,ø 35x21L,BRASS,35,21,
GUN METAL ROD ø 35x23L,Stockable Product,BUSH,,,ø 35x23L,BRASS,35,23,
GUN METAL ROD ø 35x26L,Stockable Product,BUSH,,,ø 35x26L,BRASS,35,26,
GUN METAL ROD ø 35x27L,Stockable Product,BUSH,,,ø 35x27L,BRASS,35,27,
GUN METAL ROD ø 35x30L,Stockable Product,BUSH,,,ø 35x30L,BRASS,35,30,
GUN METAL ROD ø 35x33L,Stockable Product,BUSH,,,ø 35x33L,BRASS,35,33,
GUN METAL ROD ø 35x37L,Stockable Product,BUSH,,,ø 35x37L,BRASS,35,37,
GUN METAL ROD ø 35x38L,Stockable Product,BUSH,,,ø 35x38L,BRASS,35,38,
GUN METAL ROD ø 40x18L,Stockable Product,BUSH,,,ø 40x18L,BRASS,40,18,
GUN METAL ROD ø 40x19L,Stockable Product,BUSH,,,ø 40x19L,BRASS,40,19,
GUN METAL ROD ø 40x21L,Stockable Product,BUSH,,,ø 40x21L,BRASS,40,21,
GUN METAL ROD ø 40x24L,Stockable Product,BUSH,,,ø 40x24L,BRASS,40,24,
GUN METAL ROD ø 40x27L,Stockable Product,BUSH,,,ø 40x27L,BRASS,40,27,
GUN METAL ROD ø 40x28L,Stockable Product,BUSH,,,ø 40x28L,BRASS,40,28,
GUN METAL ROD ø 40x43L,Stockable Product,BUSH,,,ø 40x43L,BRASS,40,43,
GUN METAL ROD ø 45x18L,Stockable Product,BUSH,,,ø 45x18L,BRASS,45,18,
GUN METAL ROD ø 45x24L,Stockable Product,BUSH,,,ø 45x24L,BRASS,45,24,
GUN METAL ROD ø 45x33L,Stockable Product,BUSH,,,ø 45x33L,BRASS,45,33,
GUN METAL ROD ø 45x35L,Stockable Product,BUSH,,,ø 45x35L,BRASS,45,35,
GUN METAL ROD ø 50x23L,Stockable Product,BUSH,,,ø 50x23L,BRASS,50,23,
GUN METAL ROD ø 55x23L,Stockable Product,BUSH,,,ø 55x23L,BRASS,55,23,
GUN METAL ROD ø 55x28L,Stockable Product,BUSH,,,ø 55x28L,BRASS,55,28,
GUN METAL ROD ø 65x28L,Stockable Product,BUSH,,,ø 65x28L,BRASS,65,28,
GUN METAL ROD ø 70x28L,Stockable Product,BUSH,,,ø 70x28L,BRASS,70,28,
RECTANGULAR STEEL BAR,Stockable Product,PARALLEL KEY,,,,C-40,,,
ROUND BAR ø 105x39L - EN8,Stockable Product,INTERMEDIATE GEAR,,,ø 105x39L,EN8,105,39,
ROUND BAR ø 105x57L - EN8,Stockable Product,INTERMEDIATE GEAR,,,ø 105x57L,EN9,105,57,
ROUND BAR ø 110x103L - EN19,Stockable Product,WORM,,,ø 110x103L,EN19,110,103,
ROUND BAR ø 110x32L - EN8,Stockable Product,COLLAR,,,ø 110x32L,EN8,110,32,
ROUND BAR ø 115x103L - EN19,Stockable Product,WORM,,,ø 115x103L,EN19,115,103,
ROUND BAR ø 120x106L - EN19,Stockable Product,WORM,,,ø 120x106L,EN19,120,106,
ROUND BAR ø 125x108L - EN8,Stockable Product,WORMWHEEL,,,ø 125x108L,EN8,125,108,
ROUND BAR ø 130x28L - EN8,Stockable Product,SPUR GEAR,,,ø 130x28L,EN8,130,28,
ROUND BAR ø 130x53L - EN8,Stockable Product,SPUR GEAR,,,ø 130x53L ,EN8,130,53,
ROUND BAR ø 135x105L - EN8,Stockable Product,INTERMEDIATE GEAR,,,ø 135x105L,EN8,135,105,
ROUND BAR ø 135x39L - EN8,Stockable Product,SPUR GEAR,,,ø 135x39L,EN8,135,39,
ROUND BAR ø 140x102L - EN8,Stockable Product,SPUR GEAR,,,ø 140x102L,EN8,140,102,
ROUND BAR ø 140x225L - EN19,Stockable Product,WORM,,,ø 140x225L,EN19,140,225,
ROUND BAR ø 140x92L - EN8,Stockable Product,SPUR GEAR,,,ø 140x92L,EN8,140,92,
ROUND BAR ø 150x102L - EN8,Stockable Product,SPUR GEAR,,,ø 150x102L,EN8,150,102,
ROUND BAR ø 150x39L - EN8,Stockable Product,SPUR GEAR,,,ø 150x39L,EN8,150,39,
ROUND BAR ø 150x40L - EN8,Stockable Product,SPUR GEAR,,,ø 150x40L,EN8,150,40,
ROUND BAR ø 150x92L - EN8,Stockable Product,SPUR GEAR,,,ø 150x92L,EN8,150,92,
ROUND BAR ø 155x112L - EN8,Stockable Product,SPUR GEAR,,,ø 155x112L,EN8,155,112,
ROUND BAR ø 155x38L - EN8,Stockable Product,SPUR GEAR,,,ø 155x38L,EN8,155,38,
ROUND BAR ø 155x98L - EN8,Stockable Product,SPUR GEAR,,,ø 155x98L,EN8,155,98,
ROUND BAR ø 160x98L - EN8,Stockable Product,SPUR GEAR,,,ø 160x98L,EN8,160,98,
ROUND BAR ø 170x105L - EN8,Stockable Product,SPUR GEAR,,,ø 170x105L,EN8,170,105,
ROUND BAR ø 170x123L - EN8,Stockable Product,SPUR GEAR,,,ø 170x123L,EN8,170,123,
ROUND BAR ø 170x45L - EN8,Stockable Product,SPUR GEAR,,,ø 170x45L,EN8,170,45,
ROUND BAR ø 195x53L - EN8,Stockable Product,SPUR GEAR,,,ø 195x53L,EN8,195,53,
ROUND BAR ø 20x158L - EN8,Stockable Product,WORM SHAFT,,,ø 20x158L,EN8,20,158,
ROUND BAR ø 20x218L - EN8,Stockable Product,WORM SHAFT,,,ø 20x218L,EN8,20,218,
ROUND BAR ø 20x258L - EN8,Stockable Product,WORM SHAFT,,,ø 20x258L,EN8,20,258,
ROUND BAR ø 25x245L - EN8,Stockable Product,WORM SHAFT,,,ø 25x245L ,EN8,25,245,
ROUND BAR ø 25x300L - EN8,Stockable Product,WORM SHAFT,,,ø 25x300L,EN8,25,300,
ROUND BAR ø 25x303L - EN8,Stockable Product,WORM SHAFT,,,ø 25x303L,EN8,25,303,
ROUND BAR ø 30x220L - EN8,Stockable Product,WORM SHAFT,,,ø 30x220L,EN8,30,220,
ROUND BAR ø 30x266L - EN8,Stockable Product,WORM SHAFT,,,ø 30x266L,EN8,30,266,
ROUND BAR ø 30x57L - EN19,Stockable Product,WORM,,,ø 30x57L,EN19,30,57,
ROUND BAR ø 32x224L - EN8,Stockable Product,WORM SHAFT,,,ø 32x224L ,EN8,32,224,
ROUND BAR ø 32x258L - EN8,Stockable Product,WORM SHAFT,,,ø 32x258L,EN8,32,258,
ROUND BAR ø 32x275L - EN8,Stockable Product,WORM SHAFT,,,ø 32x275L,EN8,32,275,
ROUND BAR ø 32x305L - EN8,Stockable Product,PINION SHAFT,,,ø 32x305L ,EN8,32,305,
ROUND BAR ø 32x308L - EN8,Stockable Product,PINION SHAFT,,,ø 32x308L,EN8,32,308,
ROUND BAR ø 32x320L - EN8,Stockable Product,PINION SHAFT,,,ø 32x320L,EN8,32,320,
ROUND BAR ø 36x151L - EN19,Stockable Product,SPACER,,,ø 36x151L,EN19,36,151,
ROUND BAR ø 36x227L - EN19,Stockable Product,PINION SHAFT,,,ø 36x227L,EN19,36,227,
ROUND BAR ø 36x286L - EN19,Stockable Product,PINION SHAFT,,,ø 36x286L,EN19,36,286,
ROUND BAR ø 40x10L - EN8,Stockable Product,PINION SHAFT,,,ø 40x10L,EN8,40,10,
ROUND BAR ø 40x125L - EN19,Stockable Product,PINION SHAFT,,,ø 40x125L,EN19,40,125,
ROUND BAR ø 40x150L - EN19,Stockable Product,PINION SHAFT,,,ø 40x150L,EN19,40,150,
ROUND BAR ø 40x151L - EN19,Stockable Product,WORM SHAFT,,,ø 40x151L ,EN19,40,151,
ROUND BAR ø 40x232L - EN19,Stockable Product,WORM,,,ø 40x232L,EN19,40,232,
ROUND BAR ø 40x241L - EN19,Stockable Product,SPACER,,,ø 40x241L,EN19,40,241,
ROUND BAR ø 40x323L - EN8,Stockable Product,SPACER,,,ø 40x323L,EN8,40,323,
ROUND BAR ø 40x57L - EN19,Stockable Product,PINION SHAFT,,,ø 40x57L,EN19,40,57,
ROUND BAR ø 45x10L - EN8,Stockable Product,PINION SHAFT,,,ø 45x10L,EN8,45,10,
ROUND BAR ø 45x12L - EN8,Stockable Product,PINION SHAFT,,,ø 45x12L,EN8,45,12,
ROUND BAR ø 45x150L - EN19,Stockable Product,PINION SHAFT,,,ø 45x150L,EN19,45,150,
ROUND BAR ø 45x151L - EN19,Stockable Product,PINION SHAFT,,,ø 45x151L,EN19,45,151,
ROUND BAR ø 45x163L - EN19,Stockable Product,PINION SHAFT,,,ø 45x163L,EN19,45,163,
ROUND BAR ø 45x213L - EN19,Stockable Product,PINION SHAFT,,,ø 45x213L,EN19,45,213,
ROUND BAR ø 45x223L - EN19,Stockable Product,PINION SHAFT,,,ø 45x223L,EN19,45,223,
ROUND BAR ø 45x227L - EN19,Stockable Product,PINION SHAFT,,,ø 45x227L,EN19,45,227,
ROUND BAR ø 45x242L - EN19,Stockable Product,PINION SHAFT,,,ø 45x242L,EN19,45,242,
ROUND BAR ø 45x243L - EN19,Stockable Product,PINION SHAFT,,,ø 45x243L,EN19,45,243,
ROUND BAR ø 45x287L - EN19,Stockable Product,PINION SHAFT,,,ø 45x287L,EN19,45,287,
ROUND BAR ø 45x311L - EN19,Stockable Product,PINION SHAFT,,,ø 45x311L,EN19,45,311,
ROUND BAR ø 45x341L - EN8,Stockable Product,PINION SHAFT,,,ø 45x341L,EN8,45,341,
ROUND BAR ø 45x342L - EN8,Stockable Product,PINION SHAFT,,,ø 45x342L,EN8,45,342,
ROUND BAR ø 50x128L - EN19,Stockable Product,PINION SHAFT,,,ø 50x128L,EN19,50,128,
ROUND BAR ø 50x134L - EN19,Stockable Product,PINION SHAFT,,,ø 50x134L,EN19,50,134,
ROUND BAR ø 50x135L - EN19,Stockable Product,PINION SHAFT,,,ø 50x135L,EN19,50,135,
ROUND BAR ø 50x151L - EN19,Stockable Product,PINION SHAFT,,,ø 50x151L,EN19,50,151,
ROUND BAR ø 50x168L - EN19,Stockable Product,PINION SHAFT,,,ø 50x168L,EN19,50,168,
ROUND BAR ø 50x209L - EN19,Stockable Product,PINION SHAFT,,,ø 50x209L ,EN19,50,209,
ROUND BAR ø 50x224L - EN19,Stockable Product,PINION SHAFT,,,ø 50x224L ,EN19,50,224,
ROUND BAR ø 50x232L - EN19,Stockable Product,PINION SHAFT,,,ø 50x232L,EN19,50,232,
ROUND BAR ø 50x248L - EN19,Stockable Product,PINION SHAFT,,,ø 50x248L,EN19,50,248,
ROUND BAR ø 50x293L - EN19,Stockable Product,PINION SHAFT,,,ø 50x293L,EN19,50,293,
ROUND BAR ø 50x384L - EN8,Stockable Product,WORM SHAFT,,,ø 50x384L,EN8,50,384,
ROUND BAR ø 50x390L - EN19,Stockable Product,PINION SHAFT,,,ø 50x390L,EN19,50,390,
ROUND BAR ø 50x413L - EN8,Stockable Product,WORM SHAFT,,,ø 50x413L,EN8,50,413,
ROUND BAR ø 50x492L - EN8,Stockable Product,WORM SHAFT,,,ø 50x492L,EN8,50,492,
ROUND BAR ø 55x103L - EN19,Stockable Product,INTERMEDIATE SHAFT,,,ø 55x103L,EN19,55,103,
ROUND BAR ø 55x143L - EN19,Stockable Product,PINION SHAFT,,,ø 55x143L,EN19,55,143,
ROUND BAR ø 55x144L - EN19,Stockable Product,PINION SHAFT,,,ø 55x144L,EN19,55,144,
ROUND BAR ø 55x163L - EN19,Stockable Product,PINION SHAFT,,,ø 55x163L,EN19,55,163,
ROUND BAR ø 55x213L - EN19,Stockable Product,PINION SHAFT,,,ø 55x213L,EN19,55,213,
ROUND BAR ø 55x79L - EN19,Stockable Product,WORM,,,ø 55x79L,EN19,55,79,
ROUND BAR ø 55x83L - EN19,Stockable Product,WORM,,,ø 55x83L,EN19,55,83,
ROUND BAR ø 55x85L - EN19,Stockable Product,INTERMEDIATE SHAFT,,,ø 55x85L,EN19,55,85,
ROUND BAR ø 60x10L - EN8,Stockable Product,SPACER,,,ø 60x10L,EN8,60,10,
ROUND BAR ø 60x13L - EN8,Stockable Product,SPACER,,,ø 60x13L ,EN8,60,13,
ROUND BAR ø 60x161L - EN19,Stockable Product,PINION SHAFT,,,ø 60x161L,EN19,60,161,
ROUND BAR ø 60x181L - EN19,Stockable Product,PINION SHAFT,,,ø 60x181L,EN19,60,181,
ROUND BAR ø 60x260L - EN19,Stockable Product,PINION SHAFT,,,ø 60x260L,EN19,60,260,
ROUND BAR ø 60x285L - EN19,Stockable Product,PINION SHAFT,,,ø 60x285L ,EN19,60,285,
ROUND BAR ø 60x480L - EN8,Stockable Product,WORM SHAFT,,,ø 60x480L,EN8,60,480,
ROUND BAR ø 60x538L - EN8,Stockable Product,WORM SHAFT,,,ø 60x538L,EN8,60,538,
ROUND BAR ø 60x83L - EN19,Stockable Product,WORM,,,ø 60x83L,EN19,60,83,
ROUND BAR ø 65x15L - EN8,Stockable Product,SPACER,,,ø 65x15L,EN8,65,15,
ROUND BAR ø 65x21L - EN8,Stockable Product,COLLAR,,,ø 65x21L,EN8,65,21,
ROUND BAR ø 70x47L - EN8,Stockable Product,COLLAR,,,ø 70x47L,EN8,70,47,
ROUND BAR ø 70x75L - EN19,Stockable Product,WORM,,,ø 70x75L,EN19,70,75,
ROUND BAR ø 75x141L - EN19,Stockable Product,PINION SHAFT,,,ø 75x141L,EN19,75,141,
ROUND BAR ø 75x17L - EN8,Stockable Product,SPACER,,,ø 75x17L,EN8,75,17,
ROUND BAR ø 75x73L - EN19,Stockable Product,WORM,,,ø 75x73L,EN19,75,73,
ROUND BAR ø 75x76L - EN8,Stockable Product,SPUR GEAR,,,ø 75x76L,EN8,75,76,
ROUND BAR ø 85x18L - EN8,Stockable Product,SPACER,,,ø 85x18L,EN8,85,18,
ROUND BAR ø 90x19L - EN8,Stockable Product,COLLAR,,,ø 90x19L,EN8,90,19,
ROUND BAR ø 90x42L - EN8,Stockable Product,SPUR GEAR,,,ø 90x42L,EN8,90,42,
ROUND BAR ø 90x75L - EN8,Stockable Product,SPUR GEAR,,,ø 90x75L,EN8,90,75,
ROUND BAR ø 95x83L - EN19,Stockable Product,WORM,,,ø 95x83L,EN19,95,83,
ST.STEEL PIPE OD 115 x ID 97 x 7 THK,Stockable Product,HARD WASHER,,,OD 115 x ID 97 x 7 THK,ST.STEEL,115,7,97
ST.STEEL PIPE OD 117 x ID 97 x 7 THK,Stockable Product,HARD WASHER,,,OD 117 x ID 97 x 7 THK,ST.STEEL,117,7,97
ST.STEEL PIPE OD 140 x ID 120 x 7 THK,Stockable Product,HARD WASHER,,,OD 140 x ID 120 x 7 THK,ST.STEEL,140,7,120
ST.STEEL PIPE OD 145 x ID 120 x 6 THK,Stockable Product,HARD WASHER,,,OD 145 x ID 120 x 6 THK,ST.STEEL,145,6,120
ST.STEEL PIPE OD 170 x ID 145 x 7 THK,Stockable Product,HARD WASHER,,,OD 170 x ID 145 x 7 THK,ST.STEEL,170,7,145
ST.STEEL PIPE OD 175 x ID 150 x 8 THK,Stockable Product,HARD WASHER,,,OD 175 x ID 150 x 8 THK,ST.STEEL,175,150,8
ST.STEEL PIPE OD 72 x ID 60 x 6 THK,Stockable Product,HARD WASHER,,,OD 72 x ID 60 x 6 THK,ST.STEEL,72,6,60
ST.STEEL PIPE OD 73 x ID 57 x 6 THK,Stockable Product,HARD WASHER,,,OD 73 x ID 57 x 6 THK,ST.STEEL,73,6,57
